"","X","Q1","Q2","Q3","Q4","Q5","Q6","Q7","Q8","Q9","Q10","Q11","Q12","Q13","Q14","Q15","Q16","Q17","Q18","Q19","Q20","Q21","Q22","Q23","Q24","Q25","Q26","Q27","Q28","Q29","Q30","Q31","Q32","Q33","Q34","Q35","Q36","Q37","Q38","Q39","Q40","Q41","Q42","Q43","Q44","Q45","S1","S2","S3","S4","S5","S6","S7","S8","S9","S10","S11","S12","S13","S14","S15","S16","S17","S18","S19","S20","S21","S22","S23","S24","S25","S26","S27","S28","S29","S30","education","urban","gender","engnat","age"
"5918",5918,1,1,1,1,1,1,0,1,1,1,1,1,1,1,1,1,1,1,1,1,1,1,1,1,1,1,0,1,1,1,1,1,1,1,1,1,1,1,1,1,1,1,0,1,1,3,4,1,3,5,4,1,3,1,2,3,2,5,4,2,3,2,3,2,3,5,5,2,1,1,3,2,5,3,4,2,1,1,1,21
"4766",4766,1,1,1,1,1,1,1,1,1,1,1,1,1,1,1,1,1,1,1,1,1,1,1,1,1,1,0,1,1,1,1,1,1,1,1,1,1,1,1,1,1,1,0,1,1,5,5,5,5,4,5,5,4,2,2,5,5,5,5,5,5,4,4,1,4,4,3,4,2,1,1,3,5,3,2,4,1,2,1,38
"665",665,1,1,1,0,1,1,0,1,1,1,0,1,1,1,1,1,1,0,1,0,0,1,0,1,1,1,0,0,1,0,1,0,1,1,1,1,1,0,1,0,0,0,0,0,0,4,3,2,4,2,5,5,5,2,2,4,2,2,4,1,1,1,3,4,4,1,1,1,1,1,1,3,3,1,4,4,2,2,1,31
"4622",4622,1,1,1,0,1,1,1,1,1,1,1,1,1,1,1,1,1,0,1,1,1,1,1,1,1,1,1,1,1,1,1,1,1,1,1,1,1,1,1,1,1,1,1,1,1,3,2,2,3,4,2,3,3,1,1,3,2,2,4,5,3,2,3,2,4,3,3,1,4,4,2,3,2,4,2,4,2,0,1,45
"2444",2444,1,1,1,1,1,1,1,1,1,1,0,1,1,1,1,1,1,1,0,1,0,1,1,0,0,1,1,1,1,1,1,1,1,1,1,1,1,0,0,1,1,0,0,0,1,4,3,2,4,5,4,4,5,5,2,4,4,5,5,1,5,2,2,2,2,1,2,1,1,1,5,5,2,2,5,2,3,1,2,25
"9381",9381,1,0,1,0,1,0,1,1,0,1,1,1,1,1,0,1,1,0,0,0,0,1,1,0,0,1,0,1,1,1,1,1,0,0,1,0,1,0,0,0,0,0,0,1,1,3,5,1,5,4,3,3,5,5,1,5,3,1,5,4,5,1,3,5,4,5,4,1,1,3,2,1,2,3,4,3,3,2,2,25
"236",236,1,1,1,0,1,0,1,1,0,1,1,0,0,1,1,1,1,1,0,0,0,1,1,1,0,1,0,0,0,1,1,1,0,0,1,0,0,0,0,0,0,0,0,0,1,3,1,4,1,4,2,1,3,1,4,4,3,2,4,3,3,4,5,1,5,4,5,2,5,3,2,4,2,3,4,2,2,2,1,19
"4832",4832,1,1,1,0,1,1,0,1,1,1,1,1,1,1,1,1,1,1,0,1,1,1,1,1,0,1,1,1,1,1,1,1,1,1,1,1,1,1,1,1,1,1,1,0,1,4,5,5,5,4,4,4,4,1,1,4,4,4,4,3,4,1,4,1,3,4,4,1,1,1,3,2,4,4,5,4,2,2,1,28
"11466",11466,1,1,1,1,1,0,0,1,1,1,1,1,1,1,1,1,1,0,0,0,1,1,1,1,0,0,0,1,1,1,1,1,1,1,1,0,1,0,1,1,0,0,0,1,1,4,3,4,3,3,3,4,4,3,5,3,2,2,2,4,2,3,3,2,3,3,3,1,3,2,3,3,3,2,2,4,3,2,1,45
"17",17,1,1,1,0,1,1,1,1,1,1,1,1,1,1,1,1,1,1,1,1,0,1,1,1,1,1,0,1,1,1,1,1,1,1,1,0,1,1,1,1,1,1,0,1,1,3,3,1,3,4,2,4,3,2,2,2,2,5,5,2,5,3,4,4,5,2,4,1,4,4,2,2,4,2,4,4,1,1,1,29
"2390",2390,1,1,1,1,1,1,0,1,0,1,1,1,1,1,1,1,1,1,1,1,1,1,1,1,1,1,0,1,1,1,1,1,1,1,1,1,1,1,1,0,1,1,0,0,1,3,2,5,2,1,5,1,4,4,2,5,5,1,5,1,3,1,1,2,3,5,4,1,4,3,3,2,5,3,5,2,2,3,1,21
"5701",5701,1,1,1,0,1,0,0,1,1,1,1,1,1,1,1,1,1,0,0,0,0,1,1,1,1,1,0,1,1,1,1,1,1,0,1,1,1,0,0,0,0,0,0,0,1,1,1,2,1,3,3,4,4,2,5,1,2,4,4,1,2,2,1,1,4,2,3,2,5,5,3,4,2,3,3,2,2,1,1,20
"6046",6046,1,1,1,1,1,1,0,1,1,1,1,1,1,1,1,1,1,1,1,1,1,1,1,1,1,1,0,1,1,1,1,1,1,1,1,1,1,1,1,1,1,1,0,1,1,4,3,1,4,2,2,4,5,5,2,2,4,4,4,1,5,4,4,5,5,2,4,1,3,2,3,5,2,4,4,3,3,1,1,68
"7325",7325,1,1,1,1,1,1,1,1,1,1,1,1,1,1,1,1,1,0,1,1,1,1,1,1,1,1,1,0,1,1,1,1,1,1,1,1,1,1,1,0,1,1,1,0,1,5,1,1,5,5,5,3,5,3,1,5,4,3,5,4,4,1,2,1,5,2,5,1,3,5,1,3,5,5,1,4,3,1,1,68
"109",109,1,1,1,0,1,1,1,1,1,1,1,1,1,1,1,1,1,1,1,1,1,1,1,1,0,1,0,1,1,1,1,1,1,1,1,1,1,1,1,0,1,1,1,1,1,5,2,1,2,5,1,3,5,5,4,1,2,1,5,1,5,1,4,1,5,1,1,1,4,5,1,1,1,5,1,4,2,2,1,64
"8286",8286,1,1,1,1,1,1,1,1,1,1,1,1,1,1,1,1,1,1,1,1,1,1,1,1,0,1,1,1,1,1,1,1,1,1,1,1,1,1,1,1,1,0,0,1,1,2,2,2,3,1,4,4,3,4,2,3,4,2,5,4,4,3,2,2,4,2,4,2,3,3,1,5,4,4,3,2,1,1,1,58
"284",284,1,1,1,0,1,1,1,0,1,1,1,1,1,1,1,1,1,0,0,1,0,1,1,1,0,0,0,1,1,1,1,1,1,0,1,1,1,1,0,1,1,1,0,0,1,1,3,1,3,1,4,4,2,5,4,3,3,1,2,2,4,1,1,2,2,4,3,3,1,1,4,4,4,3,2,2,2,2,2,21
"3453",3453,1,1,1,1,1,1,0,1,1,1,1,1,0,1,1,1,1,1,0,0,0,1,1,1,0,1,0,1,1,1,1,1,1,1,1,0,1,0,1,0,1,1,0,1,1,1,4,1,5,3,5,2,2,5,4,1,5,4,4,1,4,1,2,5,2,4,4,1,2,2,3,5,4,2,5,2,1,1,1,39
"3877",3877,1,1,1,0,1,1,0,1,1,1,1,1,1,1,1,1,1,0,1,1,0,1,1,1,0,1,1,1,1,1,1,1,1,1,1,1,1,0,1,1,1,0,1,1,1,3,1,1,1,1,3,4,5,1,2,4,2,1,5,4,4,1,4,1,4,4,4,1,1,4,1,4,4,3,5,4,2,2,1,52
"11697",11697,1,1,1,0,1,1,0,1,1,1,1,1,1,1,1,1,1,0,0,1,0,1,1,1,1,1,0,1,0,1,1,1,1,1,1,1,1,1,1,0,1,0,0,0,1,4,2,5,2,4,4,2,4,1,1,4,4,5,5,5,5,2,4,1,4,4,5,4,4,4,1,3,2,3,1,3,2,2,1,23
"912",912,1,1,1,0,1,1,1,1,1,1,1,1,1,1,0,1,1,0,0,0,0,1,1,1,1,1,0,0,1,1,1,1,1,1,1,0,1,0,1,0,1,0,0,0,0,4,5,1,4,3,4,2,2,5,2,1,4,5,5,3,4,2,2,5,2,1,3,1,1,1,4,4,3,3,5,2,2,1,1,19
"6367",6367,1,1,1,0,1,1,1,1,1,1,1,1,1,1,1,1,1,0,0,1,1,1,1,1,1,1,0,1,1,1,1,1,1,1,1,1,1,0,1,0,1,1,0,1,1,5,2,2,4,4,4,1,5,2,3,2,2,2,5,5,5,1,2,3,3,5,4,1,2,5,1,1,2,3,4,2,2,2,1,56
"8010",8010,1,1,1,0,1,1,0,1,0,1,1,1,1,1,0,1,1,0,0,0,1,1,1,1,1,1,0,0,1,1,1,1,0,1,1,1,1,0,1,0,0,0,0,0,1,5,5,5,5,1,5,4,5,2,2,4,4,3,3,5,4,1,4,5,5,4,3,1,1,5,2,1,3,5,4,2,2,2,1,25
"3844",3844,1,0,1,0,1,1,0,0,1,1,1,1,1,1,1,1,1,0,0,1,0,1,1,1,1,1,0,1,1,1,1,1,1,0,1,0,1,0,0,0,0,0,1,0,1,1,4,3,4,3,4,3,4,1,5,1,5,1,5,1,5,4,3,5,4,1,5,1,4,3,1,5,2,3,2,3,3,1,1,22
"4581",4581,1,1,1,0,1,1,0,1,1,1,1,1,1,1,1,1,1,1,1,1,0,1,1,1,1,1,0,0,0,1,1,1,1,1,0,0,1,0,1,0,1,0,0,0,1,5,2,5,2,5,3,1,4,5,5,5,3,1,3,2,2,1,4,1,1,4,2,1,1,3,4,1,4,4,5,2,1,2,1,18
"7690",7690,1,1,1,1,1,1,0,1,1,1,1,0,0,1,0,1,1,0,1,1,1,1,1,1,0,1,0,1,1,1,1,1,1,1,1,0,1,0,0,1,1,0,0,0,0,2,3,1,4,1,2,5,2,5,2,4,2,3,4,1,4,2,1,3,4,3,2,4,4,1,4,4,4,1,4,3,1,1,2,32
"6750",6750,1,1,1,1,1,1,0,1,1,1,1,1,1,1,1,1,1,0,1,1,0,1,1,1,1,1,0,1,1,1,1,1,1,1,1,0,1,0,1,1,1,1,0,1,1,5,5,1,5,1,3,5,5,1,1,5,4,1,5,1,1,1,1,5,1,4,3,5,1,1,3,5,1,3,5,3,2,1,1,35
"10988",10988,1,1,1,1,1,1,1,1,1,1,1,1,1,1,1,1,1,1,1,1,1,1,1,1,1,1,0,1,1,1,1,1,1,1,1,1,1,1,1,1,1,1,0,0,1,5,0,0,0,0,0,0,0,0,0,0,0,0,0,0,0,0,0,0,0,0,0,0,0,0,0,0,0,0,0,3,0,0,1,32
"6082",6082,1,1,1,0,1,1,0,1,1,1,1,1,1,1,1,1,1,1,1,1,1,1,1,1,0,1,0,1,1,1,1,1,1,1,0,1,1,1,1,1,1,1,1,0,0,1,1,1,1,1,1,3,4,4,1,1,1,4,3,2,3,4,3,3,3,1,1,5,5,3,1,3,1,1,1,3,1,1,1,29
"10136",10136,1,1,1,0,1,1,1,1,1,1,1,1,1,1,0,1,1,0,1,1,1,1,1,1,1,1,0,1,1,0,1,1,1,1,0,1,1,0,1,1,0,1,0,0,0,1,4,2,3,2,2,4,4,2,2,2,3,1,2,4,3,1,2,4,4,2,4,1,3,2,2,4,4,4,4,2,2,1,1,17
"11371",11371,1,0,1,0,1,0,0,0,0,1,1,0,0,1,1,1,1,0,0,0,1,1,1,0,0,0,0,1,0,1,1,0,0,0,0,0,0,1,0,0,0,0,0,0,0,5,5,2,4,3,5,5,5,4,3,4,3,3,4,3,3,3,3,3,4,3,1,1,1,4,3,1,1,5,4,4,3,2,2,30
"4630",4630,1,1,1,0,0,1,0,1,1,1,1,1,1,1,1,1,1,0,1,1,1,1,1,1,1,1,0,0,1,1,1,1,1,1,1,0,1,0,1,0,0,0,0,0,0,4,5,1,2,4,5,4,4,4,2,2,4,3,4,1,5,1,4,1,5,1,1,1,4,5,1,1,5,3,1,3,3,2,1,44
"6301",6301,0,0,1,1,1,1,1,1,1,1,1,1,0,1,1,1,1,0,0,1,0,1,1,1,1,1,0,1,1,1,0,1,1,0,0,0,1,0,1,0,0,0,0,1,1,4,3,1,2,3,3,3,3,3,3,4,3,1,4,4,4,1,4,3,4,4,4,1,4,3,3,2,2,3,3,3,3,2,1,27
"6686",6686,1,1,1,0,1,1,1,0,0,1,1,1,0,1,1,1,1,0,0,0,0,1,1,0,0,1,0,0,1,1,1,1,0,0,1,0,1,0,1,0,1,0,0,1,1,1,4,1,4,1,3,1,2,4,4,4,4,2,5,1,4,1,5,5,4,5,1,1,1,1,4,5,5,1,4,3,1,1,1,23
"4921",4921,1,1,1,1,1,1,0,1,1,1,1,1,1,1,1,1,1,1,1,1,1,1,1,1,1,1,1,1,1,1,1,1,1,1,1,1,1,0,1,1,1,1,1,1,1,4,4,1,4,2,4,4,3,5,2,1,4,5,5,1,5,1,3,5,3,3,3,1,2,1,3,5,4,2,4,2,3,1,1,26
"11867",11867,1,0,1,0,1,1,0,1,1,1,1,0,1,1,1,1,1,0,1,1,1,1,0,1,1,1,1,1,1,1,1,1,1,1,1,0,1,0,1,1,1,0,1,0,0,3,2,1,2,5,3,3,2,4,3,4,3,5,5,2,4,1,1,5,3,5,1,1,1,3,3,2,5,4,5,2,3,2,2,19
"6756",6756,1,1,1,1,1,1,1,1,1,1,1,1,1,1,1,1,1,1,1,1,1,1,1,1,1,1,0,1,1,1,1,1,1,1,1,1,1,0,1,1,1,1,0,1,1,2,2,1,1,3,3,4,4,5,2,1,4,3,5,1,4,2,2,2,4,1,1,4,3,3,2,4,2,2,4,3,2,1,1,36
"2297",2297,1,1,1,0,1,1,0,1,1,1,1,1,1,1,0,1,1,1,0,0,0,1,1,1,0,1,0,0,1,1,1,1,1,1,1,0,1,0,0,1,0,1,0,1,1,5,5,4,3,4,4,4,2,5,2,3,4,3,4,3,4,3,2,2,3,4,5,5,4,5,2,2,3,5,4,2,2,1,1,51
"10541",10541,1,1,1,0,1,1,1,1,1,1,1,1,1,1,1,1,1,0,1,1,1,1,1,1,1,1,0,1,1,1,1,1,1,1,1,1,1,0,1,0,1,1,0,0,1,4,2,1,5,1,3,5,4,1,2,2,1,4,4,1,4,1,2,2,3,2,5,1,1,1,2,1,2,2,1,2,2,0,1,37
"3125",3125,1,1,1,0,1,1,1,1,1,1,1,1,1,1,1,1,1,0,0,1,0,1,1,1,1,1,0,1,1,1,1,1,0,1,0,1,1,0,1,0,1,0,0,0,0,4,3,4,5,2,4,4,3,2,1,3,3,5,5,5,5,2,3,3,4,5,4,4,3,5,2,3,4,4,2,2,3,2,1,21
"7591",7591,1,1,1,1,1,1,1,0,1,1,1,1,1,1,1,1,1,0,0,0,0,1,1,1,0,0,0,1,1,1,1,1,1,0,0,1,0,0,0,0,0,1,1,0,0,4,3,4,5,1,4,1,4,1,3,4,3,4,5,4,4,1,4,2,4,3,2,1,3,4,2,2,4,2,5,2,1,1,1,25
"3480",3480,1,1,1,0,1,1,1,1,0,1,1,1,1,1,1,1,1,0,0,1,0,1,1,1,0,1,0,0,1,0,1,1,0,1,0,0,1,0,1,1,1,1,0,0,1,3,5,4,2,4,5,3,4,3,3,5,4,3,4,3,5,2,1,3,4,3,4,3,4,2,3,4,3,2,5,1,2,2,1,13
"2540",2540,1,1,1,0,1,1,1,1,1,1,1,1,1,1,0,1,1,1,1,1,1,1,1,1,1,1,0,1,1,1,1,1,1,1,1,1,1,1,1,1,1,1,0,1,1,1,3,4,4,2,3,4,4,1,1,5,4,2,2,2,4,1,3,1,2,4,4,1,3,2,2,2,5,4,2,2,2,2,1,23
"1671",1671,1,1,1,1,1,1,0,1,1,1,1,1,1,1,1,1,1,1,1,1,1,1,1,1,0,1,0,1,1,1,1,1,1,1,1,1,1,1,1,0,1,1,0,1,1,3,1,1,4,3,5,3,1,4,1,3,4,4,5,4,5,5,1,5,4,1,2,1,5,3,3,5,4,4,4,3,3,1,1,52
"4598",4598,1,1,1,0,1,1,0,1,1,1,1,1,1,1,0,1,1,0,0,1,0,1,0,1,0,1,0,1,1,1,1,1,1,1,1,1,1,1,1,1,1,1,0,1,1,5,2,4,5,3,5,5,4,1,5,2,2,1,4,1,4,4,3,2,4,2,3,1,1,4,1,5,5,1,1,4,1,2,1,47
"8001",8001,1,1,1,1,1,1,1,1,1,1,1,1,1,1,1,1,1,1,1,1,0,1,1,1,1,1,0,1,1,1,1,1,1,1,1,1,1,1,1,1,1,1,0,1,1,3,5,1,4,4,3,4,2,1,2,4,4,4,5,4,4,2,2,2,4,1,3,2,4,4,2,4,2,4,3,3,2,1,1,30
"4052",4052,1,1,1,1,1,1,0,1,1,1,1,1,1,1,1,1,1,1,1,1,1,1,1,1,1,0,0,0,1,1,1,1,1,1,1,0,1,1,1,1,1,1,1,1,1,4,2,1,3,5,3,2,3,1,4,5,2,2,3,2,3,1,4,3,5,1,4,1,4,5,1,3,4,5,1,2,2,2,1,58
"11771",11771,1,0,1,0,1,1,1,0,1,1,1,0,1,1,0,1,1,0,0,0,0,1,1,0,0,1,0,0,1,1,1,1,1,0,0,0,0,0,0,0,0,0,0,1,1,4,2,1,4,4,1,1,5,2,5,5,2,1,2,2,1,1,2,4,4,4,5,1,4,2,2,2,2,1,4,1,3,2,2,16
"9908",9908,1,1,1,1,1,1,1,1,1,1,1,1,1,1,1,1,1,1,1,1,1,1,1,1,1,1,1,1,1,1,1,1,1,1,1,1,1,1,1,1,1,1,1,1,1,3,4,2,3,1,4,5,4,4,1,3,4,4,5,5,5,2,4,2,4,1,3,1,3,5,3,4,2,3,2,4,3,1,1,57
"3149",3149,1,0,0,0,1,0,0,0,0,0,0,0,0,0,0,1,0,0,0,0,0,0,0,0,0,0,0,0,0,0,0,0,0,1,0,0,0,0,0,0,0,0,0,0,1,1,2,3,4,5,4,3,2,1,2,3,4,5,4,3,2,1,2,3,4,5,4,3,2,1,2,3,4,5,4,4,1,1,2,20
"6278",6278,1,1,1,1,1,1,0,1,1,1,1,1,1,1,1,1,1,1,1,1,1,1,1,1,0,1,1,1,1,1,1,1,1,1,1,1,1,1,1,1,1,1,0,1,1,5,3,1,3,1,3,5,5,4,2,4,3,5,5,3,5,1,3,2,3,1,3,1,3,3,3,5,5,3,2,3,1,2,1,50
"8222",8222,1,1,1,0,1,1,1,1,1,1,1,1,1,1,1,1,1,1,1,1,1,1,1,1,0,1,0,1,1,1,1,1,1,1,0,1,1,1,1,1,1,1,1,0,1,5,4,4,4,3,5,5,3,4,1,1,5,4,5,2,5,3,1,4,5,2,4,2,4,1,3,4,5,5,1,1,2,2,1,15
"8266",8266,1,0,1,0,1,1,1,0,0,1,1,0,0,1,1,1,1,0,0,0,0,1,1,0,1,1,0,0,1,1,1,1,1,0,1,0,1,0,0,0,0,0,0,0,1,1,3,1,1,5,5,5,5,5,5,5,5,5,1,1,5,1,1,4,2,5,5,1,4,1,5,3,5,1,5,3,2,0,2,22
"1633",1633,1,1,1,0,1,1,0,1,1,1,1,1,1,1,1,1,1,0,1,1,0,1,1,1,1,1,0,1,1,1,1,1,1,1,1,1,1,0,0,0,0,0,0,1,1,1,3,4,4,3,1,3,4,4,2,3,4,3,4,1,3,1,3,1,5,4,3,1,5,4,2,1,5,2,3,2,3,2,1,50
"1431",1431,1,0,1,0,1,1,1,0,0,1,1,1,1,1,1,1,1,0,0,0,0,0,1,0,0,1,0,0,1,1,1,1,0,0,0,1,0,0,0,0,0,0,0,0,1,5,3,0,4,5,5,3,4,4,3,5,5,5,3,1,3,1,3,2,3,3,1,3,2,3,3,4,4,2,5,1,2,2,1,14
"3223",3223,1,1,1,1,1,1,1,1,1,1,1,1,1,1,1,1,1,0,1,1,1,1,1,1,1,1,1,1,1,1,1,1,1,1,1,1,1,1,1,1,1,1,1,1,1,5,5,1,5,1,5,3,1,1,1,5,5,1,5,2,2,1,1,5,5,1,5,1,5,5,1,5,1,3,1,2,2,1,2,48
"3097",3097,1,1,1,0,1,1,1,1,1,1,1,1,1,1,1,1,1,1,1,1,1,1,1,1,1,1,1,1,1,1,1,1,1,1,0,1,1,1,1,1,1,1,0,1,1,2,3,5,5,1,4,4,3,4,4,2,3,5,4,2,2,1,1,4,3,1,2,2,1,1,3,4,3,1,4,2,1,1,1,27
"1454",1454,1,1,1,0,1,1,1,1,0,1,1,1,1,0,1,1,1,0,1,1,0,1,1,1,1,1,0,0,1,0,1,1,1,0,1,0,1,0,0,1,1,1,0,1,1,5,2,2,2,4,5,5,5,5,4,3,4,1,4,4,4,1,2,1,4,4,3,1,2,3,4,5,4,2,3,3,1,1,1,37
"9274",9274,1,1,1,1,1,1,0,1,1,1,1,1,1,1,1,1,1,1,1,1,1,1,1,1,1,1,1,1,1,0,1,1,1,1,1,1,1,1,1,0,1,1,1,0,1,1,1,1,1,4,1,4,3,3,1,5,4,4,4,4,4,2,2,1,2,2,1,4,4,1,1,4,2,5,2,3,2,1,1,43
"7620",7620,1,1,1,1,1,0,0,0,0,1,1,1,1,1,1,0,0,0,0,1,0,1,1,0,0,1,0,0,1,0,1,1,0,0,1,0,1,0,0,0,0,0,0,1,1,1,1,1,1,4,2,5,5,3,2,1,2,5,5,1,4,5,4,2,5,1,4,1,2,3,2,2,5,5,4,3,3,1,2,49
"9931",9931,1,1,1,1,1,1,0,1,1,1,1,1,1,1,1,1,1,1,1,1,1,1,1,1,1,1,1,1,1,1,1,1,1,1,0,1,1,1,1,1,1,1,1,1,1,3,5,1,3,1,5,5,1,2,2,4,5,4,5,4,4,4,1,2,3,4,2,1,1,1,2,1,2,3,5,4,2,1,1,35
"10177",10177,1,1,1,0,1,1,0,1,0,1,1,1,1,1,1,1,1,0,0,1,0,1,1,1,0,1,0,0,1,1,1,1,0,0,0,0,1,0,1,0,0,0,0,0,1,3,5,5,5,1,5,4,4,2,2,2,3,1,3,1,4,2,3,4,3,1,1,1,2,1,4,4,2,2,5,4,2,1,2,30
"5999",5999,1,1,1,1,1,1,0,1,1,1,1,1,1,1,1,1,1,1,1,1,1,1,1,1,1,1,1,1,1,1,1,1,1,1,1,1,1,1,1,1,1,1,1,1,1,3,3,5,4,2,4,4,3,4,4,2,3,2,5,2,3,2,3,3,3,2,4,3,3,2,4,3,3,2,3,4,2,1,1,58
"2726",2726,1,1,1,1,1,1,1,0,1,1,1,1,0,1,1,1,1,0,1,0,0,1,1,1,1,1,0,0,1,1,1,1,1,1,0,1,1,0,1,0,0,0,0,0,1,5,2,1,3,2,4,5,3,4,5,5,5,4,2,3,3,4,3,3,4,4,1,1,4,3,2,3,3,4,4,2,1,2,1,39
"6158",6158,1,1,1,0,1,0,1,0,1,1,1,0,1,1,1,1,1,0,0,0,0,1,1,1,1,1,0,0,1,1,1,1,1,0,1,0,1,0,1,0,1,0,0,1,0,5,2,4,4,5,5,5,4,4,4,5,5,5,4,5,4,5,5,1,5,3,2,1,4,4,1,3,2,4,5,2,3,1,1,27
"2936",2936,1,1,1,1,1,1,1,1,1,0,1,1,1,1,1,1,1,0,0,1,0,1,1,1,1,1,0,1,1,1,1,0,1,1,0,0,1,0,1,0,0,1,0,1,1,5,5,1,3,5,5,3,4,5,1,5,5,4,4,1,4,1,2,1,5,5,4,1,5,5,3,5,1,5,5,1,3,2,1,46
"7100",7100,1,1,1,0,1,1,1,1,1,1,1,1,1,1,1,1,1,0,1,1,1,1,1,1,1,1,1,1,1,1,1,1,1,1,1,1,1,0,1,1,1,1,1,1,1,2,2,2,3,4,4,4,2,4,4,2,4,4,5,1,5,5,2,2,2,2,4,4,3,4,2,4,4,2,4,4,2,1,2,54
"2323",2323,1,1,1,1,1,1,1,1,1,1,1,1,1,1,1,1,1,1,1,1,1,1,1,1,1,1,0,1,1,1,1,1,1,1,1,1,1,1,1,1,1,1,0,1,1,2,4,1,5,2,5,5,4,4,1,1,4,5,5,5,5,4,2,2,3,5,5,4,4,3,2,4,4,3,4,2,3,1,1,56
"7079",7079,1,1,1,0,1,0,0,1,1,1,1,1,1,1,1,1,1,0,0,0,0,1,1,1,1,1,0,0,1,1,1,1,1,1,0,0,0,0,1,0,0,1,0,0,0,5,2,5,3,1,5,2,3,4,1,5,4,4,4,5,5,2,2,4,5,5,4,4,3,1,2,5,3,3,2,2,1,1,1,19
"10035",10035,1,1,1,0,1,1,0,1,1,1,1,0,1,1,1,0,1,1,1,1,1,1,1,1,0,0,0,1,1,1,1,0,1,1,1,0,1,0,1,1,1,1,1,1,1,5,3,5,3,0,3,2,3,1,1,5,2,5,5,5,5,1,3,3,2,1,2,3,5,5,1,5,2,5,1,4,3,2,1,62
"5183",5183,1,1,1,0,1,1,1,1,1,1,1,1,1,1,1,1,1,1,1,1,0,1,1,1,1,1,0,0,1,1,1,1,1,1,1,0,1,1,1,0,1,1,0,0,1,1,4,2,4,1,5,1,4,5,2,5,5,4,5,3,5,3,1,4,1,2,5,5,2,1,4,5,1,2,5,3,1,1,1,30
"2926",2926,1,1,1,0,1,1,0,1,1,1,1,1,1,1,0,1,1,1,1,1,1,1,1,1,1,1,0,1,1,1,1,0,1,1,1,1,1,0,1,0,1,1,1,0,0,2,4,1,3,1,1,5,1,4,2,1,3,4,3,1,4,2,2,5,3,1,2,1,2,3,3,4,4,3,3,2,2,1,0,51
"2763",2763,1,1,1,1,1,1,1,1,1,0,1,1,1,1,1,1,1,1,0,1,1,1,1,1,0,1,1,1,1,1,1,1,1,1,1,1,1,1,1,0,1,1,1,1,1,1,1,1,2,1,1,2,4,1,2,5,1,5,5,4,3,1,4,3,5,1,5,1,4,5,1,3,3,5,2,3,3,2,1,77
"6601",6601,1,1,1,1,1,1,1,1,1,1,1,1,0,1,1,1,1,0,1,0,0,1,1,1,0,1,0,0,1,1,1,0,1,0,0,1,1,0,1,1,1,1,0,0,1,5,5,5,5,5,1,5,3,4,5,5,5,5,5,1,3,3,5,5,4,2,5,2,5,3,1,3,1,1,5,2,3,1,1,21
"1050",1050,1,1,1,1,1,1,0,1,1,1,1,1,1,0,1,1,1,1,1,1,1,1,1,1,1,1,0,1,1,1,1,1,1,1,1,1,1,0,1,1,1,1,1,0,1,5,4,3,4,4,1,2,4,2,2,4,2,3,4,2,4,1,2,2,4,4,4,1,3,4,1,4,3,3,2,4,1,2,1,48
"2055",2055,1,1,1,1,1,0,1,1,1,1,1,1,0,1,0,1,1,0,0,0,1,1,1,1,1,1,0,0,0,1,1,1,0,1,1,0,1,0,1,0,1,0,0,0,1,3,1,4,2,5,3,2,2,3,4,5,3,1,2,3,5,1,3,1,3,5,3,2,5,2,2,4,2,2,4,2,2,2,1,30
"81",81,1,1,1,0,1,1,1,1,0,1,1,1,0,1,0,1,1,0,0,0,0,1,1,1,1,1,0,0,1,1,1,1,0,1,1,0,1,0,1,0,0,0,0,1,1,1,3,1,4,1,3,2,3,5,3,4,3,2,3,3,2,1,4,1,4,4,5,1,4,1,1,3,2,5,3,3,3,2,1,37
"5644",5644,1,1,1,0,1,1,1,1,1,1,1,1,1,1,1,1,1,0,0,0,0,1,1,1,1,1,0,0,1,1,1,1,0,1,1,0,1,0,1,0,1,0,0,0,0,4,2,2,4,2,3,2,4,1,2,4,3,1,5,4,4,4,3,2,4,4,4,1,4,4,1,4,4,2,5,2,2,2,1,18
"6527",6527,1,1,1,1,1,0,0,1,0,1,1,1,1,1,0,1,1,0,1,1,0,1,1,1,1,1,0,0,0,1,1,1,1,1,0,0,1,0,1,0,1,1,0,0,0,1,1,2,1,4,2,2,3,2,1,1,3,4,5,4,4,1,3,1,4,1,4,1,3,4,1,4,1,3,2,1,1,2,1,16
"6443",6443,1,0,1,1,1,0,0,1,1,1,1,1,1,1,1,1,1,0,0,1,0,1,0,1,1,1,0,0,1,1,1,1,0,0,1,0,1,0,1,0,1,0,0,0,1,5,3,1,3,2,3,4,1,5,5,5,3,1,1,1,5,1,3,3,2,4,5,4,2,1,3,3,3,5,1,1,2,0,1,21
"8981",8981,1,1,1,1,1,1,0,1,1,1,1,1,1,1,1,1,1,1,0,1,1,1,1,1,1,1,0,0,1,1,1,1,1,1,1,1,1,0,0,1,1,1,0,1,1,2,1,1,1,2,3,2,2,4,2,2,2,1,4,2,5,5,2,1,4,5,5,1,3,1,2,5,2,1,4,2,3,1,1,18
"11132",11132,1,1,1,0,1,1,1,1,1,1,1,1,1,1,1,1,1,1,1,1,1,1,1,1,1,1,0,1,1,1,1,1,1,1,1,1,1,0,0,1,1,0,0,0,1,1,1,4,1,1,2,4,5,1,1,5,1,5,5,2,1,1,2,1,5,1,1,1,4,5,1,4,4,2,1,3,2,1,1,21
"9591",9591,1,1,1,0,1,1,1,1,1,1,1,1,1,1,1,1,1,1,1,1,1,1,1,1,1,1,1,1,1,1,1,1,1,1,1,1,1,0,1,1,1,1,0,0,1,1,2,5,3,2,3,3,5,1,2,4,2,2,5,5,4,1,4,1,4,1,4,2,3,5,1,4,2,3,4,4,1,2,1,34
"8940",8940,1,1,1,1,1,1,1,1,1,1,1,1,1,1,1,0,1,1,1,1,1,1,1,1,0,0,0,0,0,1,1,1,1,1,1,1,1,0,1,0,1,1,0,1,1,5,2,5,4,3,5,5,2,2,1,4,5,5,5,5,5,4,1,4,4,5,3,1,5,1,2,1,2,3,3,3,1,2,1,44
"11577",11577,1,1,1,1,1,1,0,1,1,1,1,1,1,1,1,1,1,1,1,1,0,1,1,1,1,1,1,1,1,1,1,1,1,1,1,1,1,1,1,1,1,1,1,0,1,1,3,2,4,4,3,5,5,1,2,1,4,1,5,1,5,1,4,2,5,2,4,1,1,5,1,2,2,5,3,4,2,1,1,70
"9020",9020,1,0,1,0,1,1,0,0,1,1,1,1,0,1,0,1,1,0,0,0,0,1,0,0,0,1,0,1,1,1,1,1,1,0,1,1,0,0,0,0,0,0,0,0,1,1,2,1,5,1,2,5,5,1,3,5,3,5,5,3,1,2,2,2,4,1,4,1,2,1,2,3,1,1,3,3,2,2,2,49
"6311",6311,1,0,1,1,1,1,0,1,1,1,1,1,1,1,1,1,1,0,1,1,1,1,0,1,1,1,1,1,1,1,1,1,1,1,1,0,1,1,1,1,1,1,0,0,1,4,3,1,2,1,4,2,1,5,4,1,3,3,5,2,4,4,1,2,1,3,4,4,5,5,4,2,2,3,3,3,1,1,1,32
"1400",1400,1,1,1,0,1,0,1,1,0,0,1,1,0,1,0,1,1,1,0,1,0,1,1,1,0,1,0,1,1,1,1,1,1,0,1,0,1,0,1,0,0,0,0,0,0,3,3,1,4,3,5,1,2,5,1,3,5,5,5,3,5,2,4,1,4,2,3,1,5,2,1,3,1,3,3,2,3,0,1,33
"7608",7608,1,1,1,0,1,1,0,1,1,1,1,1,1,1,0,1,1,1,1,1,1,1,0,1,1,0,0,0,1,1,1,1,1,1,1,1,1,1,1,1,1,1,0,0,1,1,3,1,2,1,3,3,3,4,2,3,3,2,4,2,3,2,4,3,4,2,4,2,4,3,3,4,2,2,4,3,2,1,1,64
"5647",5647,1,1,1,1,1,1,0,1,1,1,1,1,1,1,1,1,1,0,0,1,1,1,1,1,0,1,0,1,1,1,1,1,1,1,1,0,1,1,1,0,1,1,1,0,1,4,3,5,2,4,5,3,4,3,1,5,4,5,4,5,4,1,2,5,2,4,2,1,2,3,4,1,2,5,5,2,3,3,1,27
"2195",2195,1,1,1,1,1,1,1,1,0,1,1,1,1,1,1,1,1,0,0,1,0,1,1,1,1,1,0,0,1,1,1,1,1,1,1,0,0,0,1,0,0,0,0,0,0,1,4,2,4,5,5,2,2,4,4,5,5,1,5,4,5,2,2,5,4,5,5,2,4,1,2,4,1,1,4,2,1,1,1,17
"3915",3915,1,1,1,1,1,1,1,1,1,1,1,1,0,1,1,0,1,1,0,1,0,1,1,1,0,1,1,0,1,1,1,1,1,1,1,0,1,1,0,0,1,0,0,1,1,1,4,1,5,1,3,2,4,4,3,1,3,4,4,1,4,1,3,5,3,4,5,3,4,1,2,4,1,1,4,2,3,1,2,33
"4130",4130,1,1,1,0,1,1,1,1,1,1,1,1,1,1,1,1,1,1,1,1,0,1,1,1,0,1,0,1,1,1,1,1,1,1,1,0,1,1,1,1,1,0,1,0,1,3,2,1,4,1,3,3,3,5,4,1,4,5,5,1,3,4,3,3,4,3,4,4,3,2,2,4,4,3,2,2,2,1,1,45
"6064",6064,1,1,1,0,1,1,0,1,1,1,1,1,1,1,1,1,1,1,1,1,1,1,1,1,1,1,0,1,1,1,1,1,1,1,1,1,1,0,1,1,1,1,0,0,0,2,4,3,5,4,3,3,5,1,2,3,3,5,5,1,3,5,3,4,4,3,5,3,1,1,3,4,1,2,3,4,2,1,1,46
"2108",2108,1,1,1,0,1,0,0,0,1,1,1,1,1,1,1,1,1,0,1,1,0,1,1,1,1,1,1,1,1,1,1,0,1,1,1,1,1,1,1,1,0,0,1,1,0,3,2,5,2,3,5,3,4,4,3,1,2,3,4,5,4,1,2,3,4,3,4,1,5,3,1,4,3,3,2,4,3,2,1,29
"7235",7235,1,1,1,1,1,1,1,1,1,1,1,1,1,1,1,1,1,0,1,1,1,1,1,1,1,1,1,0,1,1,1,1,1,1,0,1,1,0,1,1,1,0,0,1,1,1,3,1,5,2,3,4,4,1,1,5,2,3,4,4,4,1,2,2,2,4,2,1,3,1,5,4,5,5,2,2,3,1,1,17
"1089",1089,1,1,1,1,1,1,0,1,0,1,1,0,1,1,0,1,0,0,0,1,1,1,1,1,0,1,0,0,1,1,1,1,1,0,1,1,1,0,1,0,0,0,0,1,0,4,1,3,2,5,3,2,4,2,2,5,4,3,4,3,2,1,4,1,4,2,1,1,4,4,2,2,1,5,2,3,2,2,2,39
"1031",1031,1,1,1,1,1,1,0,1,1,1,1,1,1,1,1,1,1,1,1,1,1,1,1,1,1,1,1,1,1,1,1,1,1,1,1,1,1,1,1,1,1,1,1,1,1,5,4,1,1,5,5,1,4,4,1,5,5,1,4,1,5,1,1,1,5,1,0,2,1,5,4,4,3,2,5,4,2,2,1,52
"8290",8290,1,1,1,1,1,1,0,1,1,0,1,1,1,1,1,1,1,1,1,1,1,1,1,1,1,1,0,0,1,1,1,1,1,1,1,0,1,0,1,0,1,0,1,0,1,5,1,5,3,4,4,4,4,2,1,4,2,2,3,5,2,1,2,2,3,4,3,1,4,4,2,4,2,5,1,3,3,2,1,41
"8675",8675,1,1,1,1,1,1,1,0,1,1,1,1,1,1,1,1,1,1,1,1,0,1,1,1,1,1,0,1,0,0,1,1,1,1,0,0,1,0,1,0,1,0,0,0,1,1,1,1,2,3,5,3,5,2,1,2,0,4,4,1,5,1,3,1,4,1,5,1,3,3,1,5,1,3,5,4,2,2,1,33
"9416",9416,1,1,1,0,1,1,1,1,1,1,1,1,1,1,1,1,1,1,1,1,1,1,1,1,1,1,0,0,1,1,1,1,1,1,1,1,1,1,1,1,1,0,1,1,0,1,5,2,3,1,3,2,3,2,1,4,5,4,5,4,3,1,3,1,5,3,4,1,3,2,2,1,1,5,3,3,1,2,1,28
"3891",3891,1,0,1,0,1,0,0,0,0,1,1,0,0,1,0,1,1,0,0,0,0,1,1,0,0,0,0,0,0,0,1,1,0,0,0,0,0,0,0,0,0,0,0,0,0,4,5,5,5,3,4,4,2,4,5,4,4,2,3,1,2,1,3,4,2,2,1,1,2,1,4,2,3,3,5,1,3,3,2,16
"8748",8748,1,1,1,1,1,1,0,0,0,0,1,1,0,1,1,1,1,0,0,1,0,1,1,1,1,1,0,1,1,1,1,1,1,0,1,0,1,0,1,0,0,0,0,0,1,4,3,1,4,2,1,2,5,1,3,5,1,3,1,3,5,1,5,3,5,1,3,1,3,5,3,1,1,1,3,3,1,2,1,63
"1382",1382,1,1,1,0,1,1,0,1,1,1,1,1,1,1,0,1,1,0,0,0,1,1,1,1,0,1,0,1,1,1,1,1,1,1,0,0,1,0,1,0,1,1,0,0,1,4,3,2,3,3,4,4,3,5,3,5,4,3,3,3,5,1,1,5,2,1,3,3,3,1,5,4,3,3,4,3,2,2,1,18
"10454",10454,1,1,1,1,0,1,0,1,1,1,1,1,1,1,1,1,1,1,0,1,1,1,1,1,1,1,0,1,1,1,1,1,1,1,1,1,1,1,1,1,1,1,1,1,0,5,1,1,1,4,3,3,3,4,1,5,2,3,0,2,2,1,2,2,5,5,4,2,5,2,1,5,2,4,4,3,2,2,1,31
"2635",2635,1,1,1,0,1,1,0,0,0,1,1,1,1,1,0,1,1,0,0,1,0,1,1,1,1,1,0,1,1,1,1,1,1,0,0,0,1,0,0,1,0,0,0,0,1,4,3,2,1,4,5,3,1,5,2,4,5,2,4,4,5,1,2,1,3,5,2,2,4,5,5,5,5,5,5,4,3,2,1,23
"9580",9580,1,1,1,1,1,1,0,1,1,0,1,1,1,1,1,1,1,1,1,1,1,1,1,1,0,1,0,1,1,0,1,1,1,1,1,0,1,1,0,1,1,1,0,1,1,4,4,1,5,1,5,4,4,1,3,3,4,1,2,1,2,4,4,1,4,4,4,4,4,1,4,3,2,1,3,4,3,0,2,49
"10019",10019,1,1,1,0,1,1,0,1,1,1,1,1,1,1,1,1,1,1,1,1,1,1,1,1,1,1,1,1,1,1,1,1,1,1,1,1,1,1,1,0,1,0,1,1,1,3,2,5,3,4,5,2,2,4,1,1,3,4,5,4,4,3,3,2,4,3,2,1,3,3,2,3,4,4,3,4,1,1,1,72
"1899",1899,1,1,1,1,1,1,0,1,1,1,1,1,1,1,1,1,1,0,0,1,0,1,1,1,0,0,0,0,1,1,1,1,1,1,0,0,1,0,0,0,0,0,0,0,1,3,5,5,3,5,5,2,4,3,2,5,5,1,5,5,5,1,2,2,2,2,4,1,5,5,4,4,2,5,5,1,2,3,1,19
"5548",5548,1,1,1,0,1,0,0,0,0,1,1,0,0,0,1,1,0,0,0,0,0,1,1,0,0,0,0,0,0,0,1,1,0,0,1,0,0,0,0,0,0,0,0,0,1,1,3,1,2,4,5,3,5,3,3,5,1,1,2,1,1,1,1,5,1,3,1,1,1,5,3,1,3,5,5,3,1,2,2,19
"4822",4822,1,1,1,0,1,1,1,1,1,1,1,1,0,1,1,1,1,0,0,1,0,1,1,1,0,1,0,0,1,1,1,1,0,1,1,0,1,0,0,0,1,1,0,0,0,4,2,3,2,5,3,2,2,1,3,3,4,3,5,4,5,1,4,2,4,2,2,1,3,4,2,3,4,3,2,2,3,1,1,19
"574",574,1,1,1,1,1,1,0,1,1,1,1,1,1,1,1,1,1,1,1,1,1,1,1,1,1,1,0,1,1,1,1,1,1,1,1,1,1,1,1,1,1,0,0,1,1,1,1,1,5,1,1,4,4,3,4,1,2,4,4,1,3,3,1,5,2,4,2,5,4,2,4,5,1,1,1,4,1,1,1,23
"7148",7148,1,0,1,1,1,0,1,0,1,1,1,1,0,1,1,1,1,0,0,0,0,1,1,1,1,1,0,0,1,1,1,0,1,1,0,0,0,0,0,0,0,0,0,0,0,1,5,1,3,3,5,5,2,5,1,5,3,5,5,1,3,1,1,5,1,3,4,4,2,2,2,3,1,3,1,2,1,3,1,21
"11890",11890,1,1,1,1,1,1,1,1,1,0,1,1,1,1,0,1,1,0,1,1,1,1,1,1,0,1,0,1,1,1,1,1,1,1,0,0,1,1,1,0,1,0,1,0,1,1,2,2,3,3,1,1,4,4,1,5,4,4,4,3,4,2,3,1,4,1,2,1,5,1,1,3,2,5,5,2,1,2,1,47
"2981",2981,1,1,1,1,1,1,1,0,1,1,1,1,1,1,1,1,1,0,0,0,1,1,1,1,1,1,0,0,1,1,1,1,1,1,1,0,1,1,1,1,0,1,0,0,1,5,2,5,2,4,4,4,1,5,4,4,2,3,4,2,3,1,1,2,2,4,1,1,3,1,3,3,4,4,5,3,2,2,1,22
"12159",12159,1,1,1,0,1,1,0,1,1,1,1,1,1,1,1,1,1,1,1,1,0,1,1,1,1,1,0,1,1,1,1,1,1,1,1,1,1,0,1,0,1,0,1,0,1,1,2,1,3,1,4,5,4,4,1,1,4,5,5,2,5,0,4,3,4,1,4,1,4,4,3,4,3,1,4,1,2,1,1,56
"190",190,1,1,1,1,1,1,1,1,1,1,1,1,1,1,1,1,1,0,0,1,1,1,1,1,1,1,0,1,1,1,1,1,1,1,1,1,1,1,1,0,1,1,0,0,1,4,4,1,4,1,3,4,3,2,2,4,5,4,5,1,4,3,1,5,3,1,4,2,4,5,3,4,2,2,4,2,1,1,1,20
"10804",10804,1,1,1,1,1,1,1,1,1,1,1,1,1,1,1,1,1,1,1,1,1,1,1,1,1,1,0,1,1,1,1,1,1,1,1,1,1,1,1,0,1,1,1,1,1,3,1,1,1,3,1,3,5,4,1,1,1,3,3,1,1,1,4,3,4,1,4,4,3,3,1,1,3,1,3,2,1,1,1,69
"9440",9440,1,1,1,1,1,1,0,1,1,1,1,1,1,1,1,1,1,0,1,1,1,1,1,1,0,1,0,1,1,1,1,1,1,1,1,1,1,1,1,1,1,1,1,0,1,2,4,1,4,3,2,4,4,4,4,2,2,5,4,1,1,1,2,3,4,4,1,1,1,3,1,4,5,2,5,2,1,1,1,57
"4285",4285,1,1,1,0,1,1,0,1,1,1,1,1,1,1,1,1,1,1,0,1,1,1,1,1,0,1,0,1,1,1,1,1,1,1,1,1,1,1,1,0,1,1,1,0,0,0,5,5,5,1,3,5,5,1,1,5,3,3,5,5,5,1,3,5,1,5,1,1,5,3,1,5,5,1,5,1,1,2,1,68
"3261",3261,1,0,1,0,1,1,0,1,1,1,1,1,1,1,1,1,0,0,0,0,0,1,1,0,0,1,1,1,1,1,1,1,1,0,0,1,0,0,0,0,0,0,0,0,0,3,2,2,1,2,4,3,2,4,1,5,4,1,4,3,4,2,2,1,5,3,2,3,1,2,2,2,3,2,3,2,3,2,2,20
"4157",4157,1,1,1,0,1,1,0,1,0,1,1,1,0,1,1,1,1,1,0,1,0,1,0,1,0,1,0,1,0,1,1,1,1,1,1,1,1,0,1,0,0,0,0,1,1,5,4,2,4,4,3,2,4,1,3,4,4,4,4,4,4,1,4,2,4,2,4,1,3,3,1,3,2,3,1,4,1,2,1,62
"4395",4395,1,1,1,1,1,1,0,1,1,1,1,1,1,1,0,1,1,1,1,1,1,1,1,1,0,1,0,1,0,1,1,1,0,1,1,1,1,0,1,0,0,1,0,0,1,1,3,1,1,5,1,1,5,3,1,5,1,5,5,5,3,1,3,1,4,1,4,1,5,4,2,3,2,3,1,4,1,2,1,47
"7245",7245,1,0,1,0,0,1,0,1,1,1,1,1,1,1,0,1,1,0,0,0,1,1,1,0,0,1,0,0,1,1,1,0,1,0,1,1,1,0,0,0,1,0,0,0,1,3,4,3,4,1,3,4,3,1,1,4,3,3,4,5,4,1,2,3,3,5,3,1,3,5,3,3,2,2,5,3,1,1,2,23
"1723",1723,1,1,1,0,1,1,1,1,1,1,1,1,1,1,1,1,1,0,0,1,1,1,1,1,1,1,0,1,1,1,1,1,1,1,1,1,1,1,1,1,1,1,0,0,1,2,1,5,1,5,5,2,3,1,1,5,5,5,5,4,5,1,1,1,5,5,5,2,3,2,1,3,5,5,3,2,2,2,1,18
"3498",3498,1,1,1,0,1,1,1,1,1,1,1,1,1,1,1,1,1,1,1,1,1,1,1,1,1,1,0,1,1,1,1,1,1,1,1,1,1,0,1,0,1,1,0,0,1,1,4,2,4,2,4,2,4,1,1,1,5,5,5,2,4,1,3,4,4,3,3,1,1,5,1,2,2,3,3,3,1,2,1,28
"707",707,1,1,1,1,1,1,1,1,0,1,1,1,1,0,1,1,1,1,1,0,1,1,1,1,1,1,0,1,0,1,1,1,1,0,1,1,1,0,1,0,1,1,0,0,0,3,4,1,4,5,3,4,2,4,1,4,3,3,5,2,4,4,2,3,3,2,4,4,2,3,4,5,5,3,4,2,2,1,1,21
"6865",6865,1,1,1,0,1,1,0,1,1,1,1,1,1,1,1,1,1,1,0,1,0,1,1,1,0,1,1,1,1,1,1,1,1,1,1,1,1,1,1,1,1,1,0,1,1,4,1,1,2,1,3,3,3,5,2,4,2,4,5,5,4,3,3,3,3,3,4,0,4,3,2,4,2,3,4,3,2,1,1,28
"9794",9794,1,1,1,0,1,1,0,1,1,1,1,1,1,1,1,1,1,1,1,1,1,1,0,1,0,1,1,1,0,1,1,1,1,1,0,1,1,1,1,1,0,0,1,0,1,3,3,1,3,1,3,3,5,2,1,5,5,5,5,3,3,3,3,3,3,3,3,1,3,5,3,1,1,3,1,1,3,2,2,18
"5699",5699,1,1,1,0,1,1,0,1,0,1,1,1,1,1,1,1,1,0,0,1,0,1,1,1,1,1,0,0,1,0,0,0,1,1,1,1,1,0,1,0,1,0,0,0,1,4,5,5,5,5,2,1,3,2,1,3,3,4,4,4,5,1,3,0,5,3,2,1,1,3,2,4,4,4,5,3,2,2,1,22
"10190",10190,1,1,1,1,1,1,0,1,1,1,1,1,0,1,1,1,1,1,0,0,0,1,1,0,0,1,0,0,1,0,1,1,0,0,0,0,1,0,1,0,0,0,0,0,1,1,2,4,2,1,4,5,2,4,2,1,3,5,5,2,5,3,4,2,4,1,4,2,4,2,4,1,5,4,4,2,2,1,1,18
"3886",3886,1,1,1,1,1,1,1,1,1,1,1,1,1,1,1,1,1,1,1,1,0,1,1,1,1,1,0,1,1,1,1,1,1,1,0,1,1,1,1,1,1,0,1,0,1,5,5,1,5,1,4,5,2,1,1,1,5,5,2,1,4,2,4,2,5,1,1,1,5,1,1,5,1,1,1,4,1,1,1,61
"8362",8362,1,1,1,1,1,1,0,0,1,1,1,1,1,1,1,1,1,1,1,1,1,1,1,1,1,1,0,1,1,1,1,1,1,1,1,1,1,0,1,0,1,0,0,1,1,4,1,1,1,4,1,5,4,1,4,5,2,2,4,1,2,1,2,1,5,1,4,1,5,5,2,2,1,4,4,3,2,2,1,52
"129",129,1,1,1,0,1,0,0,1,0,1,1,0,1,1,0,1,1,0,0,0,0,1,1,1,0,1,0,0,1,1,1,1,1,1,0,0,1,0,0,0,0,0,0,0,0,5,3,2,4,5,3,1,3,2,4,5,4,4,4,2,5,2,1,4,4,5,5,3,2,3,2,3,1,4,5,1,2,2,1,16
"6693",6693,1,1,1,0,1,1,0,1,1,1,1,1,1,1,1,1,1,0,0,1,1,1,1,1,0,1,0,0,1,1,1,1,1,1,1,1,1,0,0,1,1,1,0,0,1,4,2,4,2,4,5,5,4,4,4,2,4,4,4,1,3,1,3,4,2,3,2,2,3,2,4,3,4,3,5,3,3,1,2,31
"11973",11973,1,1,1,0,1,1,0,1,1,1,1,1,1,1,0,1,1,1,1,1,1,1,1,1,1,1,0,1,1,1,1,1,1,1,1,0,1,1,0,1,1,1,0,1,1,4,2,3,2,2,4,4,4,2,2,4,5,5,5,2,4,2,4,2,5,2,4,2,5,2,2,4,4,2,2,3,1,2,1,36
"148",148,1,1,1,0,1,0,1,0,0,1,1,1,1,0,0,1,1,0,0,1,0,1,1,0,0,0,0,0,1,0,1,1,1,0,1,0,1,0,0,0,0,0,0,1,1,5,1,1,1,2,5,1,1,5,1,5,5,1,5,2,5,1,2,1,3,5,3,1,5,4,5,5,2,1,3,4,3,2,2,25
"255",255,1,1,1,1,1,1,0,1,1,1,1,1,1,1,1,1,1,0,1,1,1,1,1,1,1,1,0,1,1,1,1,1,1,1,1,1,1,0,1,0,1,1,0,1,0,1,1,1,5,3,3,5,5,5,1,1,3,5,5,5,5,1,1,5,5,1,4,4,5,3,1,4,1,2,5,2,3,2,1,43
"6997",6997,1,1,1,1,1,1,1,1,1,1,1,1,1,1,0,1,1,1,1,1,1,1,1,1,1,1,1,1,1,1,1,1,1,1,1,1,1,1,1,1,1,1,1,1,1,1,2,5,4,4,3,2,3,1,1,5,3,2,4,5,2,2,3,1,4,4,3,1,2,3,1,2,4,4,5,4,2,2,1,54
"11069",11069,1,0,1,0,1,0,0,0,0,1,1,0,0,1,0,1,0,0,0,0,0,1,1,0,0,1,0,0,1,1,1,1,0,0,1,0,0,0,0,0,0,0,0,0,0,5,5,1,5,1,5,5,1,5,1,3,5,5,5,1,5,5,1,1,1,1,5,5,5,3,1,5,5,1,5,1,1,1,2,18
"12065",12065,1,0,1,0,1,0,0,1,0,1,1,1,0,1,1,1,1,0,0,0,0,1,1,0,1,1,0,0,1,1,1,1,1,0,1,0,1,0,0,0,0,0,0,0,1,3,3,1,2,1,3,5,5,2,2,2,3,3,3,2,3,1,3,2,3,1,4,2,3,3,3,3,2,2,3,4,3,1,2,51
"8209",8209,1,1,1,0,1,0,1,0,0,1,1,1,0,1,1,1,1,0,0,0,0,1,1,0,0,1,0,0,0,1,1,1,0,0,0,0,0,0,0,0,0,0,0,1,1,4,4,3,4,5,1,1,5,4,2,5,4,1,4,5,5,1,1,1,1,5,5,1,1,5,4,1,1,4,5,2,1,2,1,22
"5357",5357,1,0,1,0,1,1,1,1,1,1,1,1,1,1,1,1,1,0,0,1,1,1,1,1,0,1,0,0,1,1,1,1,1,1,1,1,1,0,0,1,1,0,0,0,1,2,1,5,1,4,3,4,2,5,1,1,5,5,5,5,5,3,2,4,5,3,5,5,5,1,2,5,3,3,4,2,3,2,2,16
"9194",9194,1,1,1,0,1,1,0,1,0,1,1,1,1,1,1,1,1,0,0,1,0,1,1,1,0,1,0,0,0,1,1,1,1,0,0,0,1,0,0,0,1,0,0,0,0,1,5,1,5,4,4,4,3,4,1,4,4,0,5,4,4,1,3,2,4,2,2,3,4,1,3,3,2,3,4,3,3,2,1,32
"9285",9285,1,1,1,0,1,0,1,1,0,1,1,1,1,1,1,1,0,0,0,1,0,1,1,1,0,1,0,0,1,1,1,1,1,1,1,0,0,0,1,0,0,0,0,0,1,5,5,1,4,1,4,3,3,2,4,3,4,1,5,2,3,1,3,3,4,1,4,1,4,3,2,4,3,3,5,2,3,2,2,45
"4475",4475,1,1,1,0,1,0,0,1,1,1,1,0,1,1,1,1,1,0,0,0,0,1,1,0,0,1,0,1,1,1,1,0,0,1,0,1,1,0,0,0,0,0,0,0,1,5,3,1,3,5,3,5,3,3,3,1,3,1,2,1,0,5,2,2,1,2,1,2,4,3,4,3,3,5,3,1,0,1,0,14
"5314",5314,1,1,1,0,1,1,1,1,0,1,1,1,1,1,1,1,1,0,0,0,0,1,1,1,1,1,0,0,0,1,1,1,0,0,0,0,0,0,0,0,1,0,0,1,1,3,1,3,1,1,1,1,5,1,3,2,3,1,3,3,3,2,3,3,5,3,4,1,5,5,1,1,3,4,1,3,3,2,2,20
"3004",3004,1,1,1,0,1,0,0,1,0,1,1,1,1,1,1,1,1,0,0,0,0,1,1,0,0,1,0,1,1,1,1,1,0,1,1,1,1,0,0,0,1,0,0,0,0,1,5,1,5,1,3,2,4,5,2,1,3,5,5,1,5,1,1,4,1,3,1,1,1,1,4,5,1,3,5,2,3,1,2,25
"2230",2230,1,1,1,0,1,1,1,1,1,1,1,1,1,1,1,1,1,0,1,1,0,1,1,1,1,1,0,1,1,1,1,1,1,1,1,0,1,0,0,0,1,0,1,1,0,3,2,1,4,5,3,2,4,2,5,5,3,4,4,1,3,1,2,1,3,4,4,1,3,4,2,3,2,2,4,2,2,2,1,20
"9252",9252,1,1,1,0,1,1,0,1,1,1,1,1,1,1,0,1,1,0,0,0,0,1,1,1,0,1,0,1,1,0,1,1,0,0,1,0,1,1,1,0,0,0,0,0,1,3,4,1,3,1,5,2,3,2,1,4,4,5,4,1,5,1,2,1,4,1,5,1,4,4,1,1,1,5,4,4,2,2,1,21
"7656",7656,1,1,1,0,1,1,1,0,1,1,1,1,1,1,1,1,1,1,1,1,0,1,1,1,1,1,0,1,1,0,1,1,1,1,1,0,1,1,0,1,1,1,0,1,1,5,4,1,4,1,4,4,4,2,1,2,5,5,5,5,5,1,5,3,5,5,5,5,5,1,1,4,2,3,4,3,2,1,1,36
"6228",6228,1,1,1,0,1,1,1,1,1,1,1,1,1,1,1,1,1,0,1,1,1,1,1,1,1,1,1,1,1,1,1,1,1,1,1,1,1,1,1,1,1,0,1,1,1,1,3,1,4,1,4,3,3,3,1,3,4,5,5,1,3,1,1,2,5,4,4,1,2,2,4,5,2,1,4,3,1,1,1,45
"9887",9887,1,1,1,0,1,0,1,0,0,1,1,1,0,1,1,1,1,0,0,0,0,1,1,0,0,1,0,0,1,1,1,1,1,0,0,0,1,0,0,0,0,0,0,0,1,1,4,2,4,4,5,1,4,3,4,5,4,1,4,5,4,1,3,2,4,5,4,1,1,1,2,1,2,2,4,2,1,2,2,20
"10417",10417,1,1,1,1,1,1,1,1,1,1,1,1,1,1,1,1,1,0,0,0,0,1,1,1,0,1,0,1,1,1,1,1,1,1,0,0,1,0,1,1,1,0,0,1,1,3,2,1,2,2,1,2,5,1,4,4,3,1,3,3,3,3,4,2,5,2,4,1,4,3,1,0,1,3,2,4,2,2,1,45
"10159",10159,1,1,1,0,1,0,0,1,1,1,1,1,1,1,1,1,0,0,0,1,1,1,1,0,0,1,1,1,1,1,1,1,1,1,1,1,1,1,0,0,1,0,0,1,1,1,1,1,1,1,1,1,5,1,2,5,1,3,5,5,4,1,3,2,3,3,4,1,3,3,2,3,5,2,3,3,3,2,2,45
"2021",2021,1,1,1,0,1,0,1,0,1,1,1,0,1,1,1,1,1,0,0,0,0,1,1,0,0,1,0,0,0,1,1,1,1,0,0,0,1,0,1,0,1,0,0,0,0,5,5,1,5,5,5,2,2,5,2,5,4,5,1,2,4,1,2,5,2,2,4,2,2,1,5,4,2,2,5,2,2,1,1,16
"12051",12051,1,1,1,0,1,0,0,1,1,1,0,1,1,0,1,1,1,0,0,1,0,0,1,0,1,1,0,1,1,1,1,1,1,1,1,1,1,0,1,1,1,0,0,0,1,4,1,1,2,3,3,4,2,5,2,1,3,4,4,4,3,2,2,3,2,4,3,1,2,3,2,5,2,3,4,3,3,1,2,30
"2395",2395,1,1,1,0,1,1,0,1,1,1,1,1,1,1,1,1,1,0,1,1,0,1,1,1,1,1,0,1,1,1,1,0,1,1,1,0,1,0,1,1,1,1,0,0,1,1,3,4,2,2,5,2,2,4,1,5,4,4,3,3,5,2,1,2,2,1,5,2,1,1,5,1,3,4,5,2,2,3,1,22
"2279",2279,1,1,1,1,1,1,0,1,1,1,1,1,1,1,1,1,1,1,1,1,0,1,1,1,0,1,0,1,1,1,1,1,1,1,1,1,1,1,1,0,0,1,0,1,1,1,5,1,5,1,5,5,1,3,3,3,3,3,3,3,3,3,3,3,3,3,3,3,3,3,3,3,3,3,3,4,1,3,2,200
"3208",3208,1,1,1,1,1,1,0,1,1,1,1,1,1,1,1,1,1,1,1,1,1,1,1,1,1,1,1,1,1,1,1,1,1,1,1,1,1,1,1,1,1,1,1,1,1,1,3,5,2,5,5,2,3,4,1,1,2,2,4,5,5,2,5,4,4,2,5,3,3,4,2,0,1,3,4,2,3,1,1,59
"3006",3006,1,1,1,1,1,1,0,1,1,1,1,1,1,1,1,0,1,1,1,1,1,1,1,1,1,1,1,1,1,1,1,1,1,1,1,1,1,1,1,0,1,1,0,0,1,1,1,3,4,1,2,4,3,2,3,3,2,2,5,1,3,1,2,2,4,1,4,1,3,2,1,3,2,4,4,2,3,1,1,71
"7090",7090,1,0,1,0,1,1,0,1,0,1,1,1,0,1,1,1,0,0,0,0,0,1,1,0,1,1,0,0,1,1,1,1,1,0,1,0,1,0,0,1,0,0,0,0,0,3,1,1,3,5,3,3,5,1,1,5,3,4,5,5,3,3,5,1,5,5,5,1,1,5,1,5,1,5,5,3,3,2,2,45
"1726",1726,1,0,1,1,1,0,0,1,0,1,1,1,1,1,1,1,1,1,1,0,0,1,1,1,1,1,0,1,0,1,1,1,0,1,0,0,1,0,1,0,0,0,0,1,1,4,4,1,3,4,4,3,2,3,4,3,3,2,3,3,2,1,3,4,3,2,3,1,1,2,3,3,3,3,5,3,2,2,1,22
"4068",4068,1,0,1,0,1,0,1,0,0,1,1,0,1,1,0,1,1,0,0,1,0,1,1,1,0,1,0,0,0,0,1,1,1,0,0,0,0,0,1,0,0,0,0,0,1,1,3,5,3,1,4,4,4,4,4,4,4,3,3,4,4,1,2,2,2,2,3,1,1,3,3,2,4,3,3,2,2,2,1,19
"5664",5664,1,1,1,0,1,0,0,1,0,1,1,1,1,1,1,1,1,1,1,0,0,1,1,1,1,1,0,1,1,1,1,1,1,1,0,1,1,0,1,0,0,0,1,1,0,5,1,4,1,3,3,2,4,1,1,3,4,5,5,5,5,3,4,1,5,5,5,4,5,5,1,5,2,3,1,3,2,2,1,22
"9315",9315,1,0,1,0,1,1,1,0,0,1,1,0,0,1,0,1,1,0,0,1,0,1,1,0,0,0,0,1,1,0,1,1,0,1,0,0,0,0,0,0,0,0,0,1,0,1,3,2,3,4,4,2,5,2,4,5,4,1,4,5,3,1,3,2,3,3,4,2,3,3,3,1,2,2,2,3,2,2,2,19
"9892",9892,1,1,1,1,1,1,1,1,1,1,1,0,1,1,0,1,1,1,0,1,0,1,1,1,1,0,0,1,1,1,1,1,1,1,0,1,1,0,1,1,0,0,0,1,1,2,2,1,3,2,3,4,3,2,4,4,3,3,4,3,3,2,2,2,2,2,1,4,2,4,4,4,4,4,5,3,2,1,1,27
"4889",4889,1,1,1,0,1,1,1,1,0,1,1,1,1,1,1,1,1,0,1,1,0,1,1,1,1,1,1,0,0,0,1,1,1,1,1,0,1,0,0,0,0,0,0,0,1,3,5,5,5,1,3,3,5,1,1,0,5,3,5,5,5,1,5,3,5,5,5,1,3,3,1,5,1,3,3,2,3,2,1,20
"5826",5826,1,1,1,0,1,0,0,0,0,1,1,1,0,1,0,1,0,0,0,0,0,1,1,0,0,0,0,0,0,1,1,1,1,0,0,0,0,0,0,0,0,0,0,0,0,1,3,2,3,2,3,2,4,2,2,4,2,4,4,5,4,1,4,3,3,4,4,1,3,3,2,4,1,3,5,2,1,2,2,18
"5465",5465,1,1,1,1,1,1,0,1,0,1,1,1,1,1,1,1,1,1,1,0,1,1,1,1,0,1,0,1,0,0,1,0,1,1,1,1,1,1,1,0,0,1,0,0,1,1,3,1,3,1,2,3,4,5,1,1,3,1,3,5,4,2,3,2,4,3,1,1,2,2,2,4,3,5,4,4,2,1,1,62
"156",156,1,1,1,0,1,1,0,1,1,1,1,1,1,1,1,1,1,1,1,1,1,1,1,1,1,1,0,1,1,1,1,1,1,1,1,1,1,1,1,0,1,1,0,0,1,5,1,1,3,1,4,4,2,4,2,3,3,1,4,3,4,1,1,2,4,4,2,2,3,2,3,5,5,1,2,4,3,2,1,48
"8070",8070,1,0,1,0,1,0,0,0,0,1,1,0,0,1,0,1,0,0,0,0,0,1,1,0,0,1,0,0,1,1,1,1,1,0,1,0,1,0,0,0,0,0,0,1,1,1,1,3,2,2,5,1,3,5,2,1,5,3,5,5,5,2,5,2,5,1,5,5,3,1,1,5,5,1,1,2,3,1,2,16
"4064",4064,1,1,1,0,1,1,0,1,1,1,1,1,1,1,1,1,1,1,1,0,1,1,1,1,1,1,1,0,1,1,1,1,1,1,0,1,1,0,0,0,1,1,0,1,1,1,2,1,2,2,3,3,3,2,1,4,3,4,5,3,5,2,3,2,4,4,3,1,5,4,2,4,2,2,3,4,1,2,1,38
"3685",3685,1,1,1,1,1,1,1,1,1,1,1,1,1,1,1,1,1,1,0,0,1,1,1,1,0,1,0,1,1,1,1,1,1,1,1,1,1,0,1,0,1,0,0,0,1,5,2,5,3,2,2,2,3,2,3,4,1,3,4,2,3,1,2,2,4,2,3,1,2,3,2,2,3,4,2,4,3,2,1,37
"5661",5661,1,1,1,0,1,1,1,1,1,1,1,1,1,1,1,1,1,0,0,1,1,1,1,1,1,1,1,0,1,1,1,1,1,1,1,1,1,0,1,0,0,0,0,0,1,2,1,1,2,4,5,2,3,4,2,5,4,5,4,4,3,2,4,1,4,4,4,1,4,5,4,4,2,3,5,3,2,2,1,22
"10325",10325,1,1,1,0,1,1,0,1,0,1,1,1,1,1,0,1,1,0,0,0,1,1,1,1,1,1,1,1,1,0,1,1,1,1,0,1,0,0,1,1,0,0,0,1,1,1,5,1,5,3,5,1,3,5,1,5,3,5,3,5,3,1,5,5,3,1,5,1,1,5,4,5,3,5,5,3,2,2,2,30
"10840",10840,1,1,1,0,1,1,0,1,1,1,1,1,1,0,1,1,1,1,1,1,1,1,1,1,0,1,1,0,1,1,1,1,1,1,1,1,1,0,1,0,1,1,0,0,1,1,1,1,3,1,3,1,3,5,1,5,1,1,3,1,5,1,1,1,5,1,5,1,1,1,1,1,5,5,1,4,2,2,1,52
"9747",9747,1,1,1,0,1,0,0,0,0,1,1,0,0,1,0,1,1,0,0,0,0,1,0,0,1,1,0,1,1,0,1,1,0,0,1,0,0,0,0,0,0,0,0,0,0,4,2,1,2,4,4,2,4,2,2,4,4,2,5,2,2,2,3,2,4,2,2,2,3,4,3,3,3,4,4,2,3,1,2,18
"7514",7514,1,1,1,1,1,1,1,1,1,1,1,1,1,1,1,1,1,1,1,1,1,1,1,1,1,1,1,1,1,1,1,1,1,1,1,1,1,1,1,1,1,1,1,1,1,1,3,4,3,5,4,4,2,5,1,4,3,2,4,4,5,1,1,1,3,4,1,1,3,2,2,5,5,4,5,4,2,2,1,61
"3461",3461,1,1,1,1,1,1,1,1,0,1,1,1,1,1,0,1,1,0,1,1,0,1,1,1,0,1,0,0,1,1,1,1,1,1,1,0,1,0,1,0,1,0,0,0,0,5,3,1,3,4,4,2,3,4,3,5,4,4,4,4,4,2,5,4,4,4,2,3,4,3,2,4,4,2,5,2,2,2,1,23
"5392",5392,1,1,1,0,1,1,1,1,0,1,1,1,1,1,0,1,1,0,0,1,0,1,1,0,0,0,0,0,0,1,1,1,1,0,1,0,0,0,0,1,0,0,0,0,1,3,3,1,3,3,4,4,4,1,3,1,3,1,3,1,1,3,2,1,4,4,3,1,2,1,2,1,4,3,4,4,1,2,2,35
"2397",2397,1,1,1,1,1,0,0,1,1,1,1,1,1,1,1,1,1,1,0,1,1,1,1,1,1,1,0,1,1,1,1,1,1,0,0,1,1,0,0,0,0,0,0,1,1,1,3,1,1,1,4,3,1,2,1,5,5,5,5,1,4,3,2,1,5,5,5,1,4,1,1,4,5,5,3,2,3,2,2,18
"8853",8853,1,1,1,0,1,1,1,1,1,1,1,1,1,1,1,1,1,0,1,1,1,1,1,1,1,1,0,0,1,1,1,1,1,1,1,1,1,0,1,1,1,1,1,1,1,5,1,5,1,5,2,1,3,1,1,5,5,3,5,1,3,1,1,1,3,5,2,1,5,5,2,3,5,3,3,3,3,2,1,44
"9207",9207,1,1,1,0,1,1,0,1,1,1,1,1,1,1,1,1,1,1,1,1,1,1,1,1,0,1,0,0,1,1,1,1,1,1,1,1,1,1,1,0,1,1,1,0,0,1,3,1,1,1,1,1,4,3,4,3,1,2,4,4,3,1,3,2,4,2,4,1,3,4,1,4,2,2,1,4,3,2,1,66
"3429",3429,1,1,1,0,1,0,0,1,1,1,1,1,1,0,1,1,1,0,1,1,1,1,1,1,1,1,0,0,1,0,1,1,1,1,1,1,0,0,1,0,1,0,0,0,1,3,4,4,4,1,3,2,5,1,3,5,3,2,3,3,3,4,4,1,5,4,5,4,2,5,1,3,2,2,4,2,3,2,1,54
"11418",11418,1,1,1,0,1,1,1,1,1,1,1,1,0,1,1,1,0,0,0,0,0,1,0,1,1,1,1,0,0,1,1,1,0,0,0,0,1,0,0,0,1,0,1,0,1,5,3,1,5,1,4,2,1,5,3,4,5,5,3,1,5,3,3,4,1,3,4,1,2,3,5,5,3,2,5,4,2,1,2,29
"7081",7081,1,1,1,0,1,1,1,0,0,1,1,1,0,0,0,1,0,0,0,0,0,1,1,0,0,1,0,0,0,1,1,0,1,0,0,0,0,0,0,0,0,0,0,1,1,5,2,1,1,5,4,4,4,5,4,4,2,1,1,2,2,1,5,2,4,4,4,1,1,5,1,1,1,4,4,3,0,2,1,33
"9124",9124,1,0,1,0,1,0,0,1,1,1,1,0,0,1,0,1,1,0,0,1,0,1,1,0,0,1,0,0,0,1,1,1,1,0,1,0,1,0,0,1,0,0,0,0,1,5,3,4,3,4,5,4,4,1,5,4,5,3,5,1,5,2,3,5,4,4,4,5,4,5,1,4,2,1,4,2,2,1,2,16
"10631",10631,1,1,1,1,1,1,0,1,1,1,1,1,1,1,1,1,1,1,1,1,1,1,1,1,0,0,0,1,1,1,1,1,1,1,1,0,1,0,0,1,1,1,0,1,1,3,3,5,5,5,5,4,4,5,5,4,3,1,5,2,1,1,1,1,5,3,3,1,3,3,2,3,3,3,3,2,2,2,1,46
"5954",5954,1,1,1,1,1,1,0,1,1,1,1,1,1,1,1,1,1,1,1,1,1,1,1,1,1,1,0,1,1,1,1,1,1,1,1,0,1,0,1,1,1,1,0,1,1,1,2,1,3,1,1,3,2,5,1,1,3,5,5,4,4,3,3,3,4,1,1,4,4,3,2,3,3,2,3,3,2,1,1,42
"12075",12075,1,1,1,1,1,1,1,1,1,1,1,1,1,1,1,1,1,1,1,1,1,1,1,1,1,1,0,0,1,1,1,1,1,1,1,1,1,0,1,1,1,1,0,1,0,2,4,2,2,4,3,2,4,2,2,4,4,5,5,2,4,4,4,3,4,2,4,1,3,2,2,3,1,2,4,4,3,2,1,26
"6739",6739,1,1,1,1,1,0,0,0,1,1,1,0,1,1,0,1,1,0,0,0,1,1,1,0,0,0,0,0,1,1,1,1,1,0,0,0,1,0,0,0,0,0,0,0,1,1,2,1,1,3,3,4,4,3,4,4,4,4,3,5,4,3,2,3,2,4,2,1,5,3,3,3,2,4,4,1,3,1,1,16
"5464",5464,1,0,1,1,1,1,1,0,0,1,1,0,1,1,0,1,0,0,1,1,0,1,1,1,1,1,1,1,1,1,1,0,1,0,1,0,0,0,0,0,0,1,0,0,1,1,1,1,1,3,5,3,5,1,3,5,1,1,5,1,5,1,5,3,5,5,3,1,3,5,5,3,3,5,1,4,3,2,2,32
"3527",3527,1,1,1,0,1,1,0,1,1,1,1,1,1,1,1,1,1,1,1,1,0,1,1,1,1,1,0,1,1,1,1,1,1,0,0,1,1,0,1,0,1,0,0,0,1,2,2,1,3,1,1,3,3,4,1,1,3,5,5,4,4,2,2,3,3,1,1,1,3,1,1,5,4,1,4,2,3,1,1,19
"10900",10900,1,1,1,0,1,1,0,1,1,1,1,1,1,1,0,1,1,1,1,1,1,1,1,1,1,1,0,1,1,1,1,1,1,1,1,1,1,1,0,1,1,1,0,1,1,1,1,1,1,3,3,4,4,4,4,1,3,4,4,1,2,1,3,1,2,1,3,2,5,1,3,3,4,1,2,2,3,1,1,66
"1272",1272,1,1,1,0,1,0,0,0,0,1,1,1,1,1,1,1,1,0,1,0,0,1,1,0,0,1,0,0,1,1,1,1,0,0,0,0,1,0,1,0,1,0,0,0,1,5,3,4,3,5,5,3,5,1,1,5,5,4,5,5,5,1,3,2,3,1,3,1,3,4,3,4,4,4,4,3,3,2,1,24
"2087",2087,1,1,1,1,1,1,1,1,1,1,1,1,1,1,1,1,1,0,0,1,1,1,1,1,1,1,1,1,1,1,1,1,1,1,1,1,1,1,1,1,1,1,1,1,1,1,1,1,3,1,1,1,5,1,1,5,5,5,5,5,5,1,1,5,5,5,5,5,1,3,1,5,5,3,5,4,2,1,1,26
"4228",4228,1,1,1,0,0,1,1,0,0,1,1,0,1,1,1,1,1,0,1,0,0,1,1,0,0,1,0,1,1,1,1,1,1,0,0,0,0,0,0,0,0,0,0,0,1,1,2,5,3,3,3,1,5,1,5,5,5,1,1,5,5,1,1,5,3,4,3,1,3,1,4,1,5,5,5,1,3,2,1,18
"5735",5735,1,1,1,0,1,1,1,1,1,1,1,1,1,1,1,1,1,0,0,1,1,1,1,1,1,1,0,1,1,1,1,0,1,1,1,0,1,1,1,0,1,1,0,1,1,5,3,1,4,4,2,2,5,1,2,3,3,3,5,1,1,1,4,2,5,3,4,1,5,5,1,4,4,3,4,3,1,2,1,57
"9975",9975,1,1,1,1,1,1,1,1,1,1,1,1,1,1,1,1,1,0,1,1,1,1,1,1,1,0,1,1,1,1,1,1,1,1,1,1,1,1,1,1,1,1,0,1,1,5,3,5,4,1,1,2,3,2,2,5,4,2,4,4,2,1,1,1,4,4,2,2,3,1,1,5,5,3,4,3,3,2,1,32
"7635",7635,1,1,1,1,1,1,1,1,0,1,1,1,1,1,1,1,1,0,0,1,0,1,1,1,1,1,0,1,1,1,1,1,0,1,1,0,1,0,1,0,1,0,0,1,0,3,5,2,4,1,4,3,4,3,3,3,3,3,4,3,3,1,1,3,2,4,3,1,1,3,3,4,4,3,5,2,2,2,1,21
"9141",9141,1,1,1,0,1,1,1,0,1,1,1,1,0,1,1,1,1,0,0,0,0,1,1,1,0,1,0,0,1,1,1,1,1,0,0,1,1,0,1,0,1,0,0,0,0,5,2,1,3,3,5,3,2,4,2,5,4,1,4,1,3,1,2,4,3,2,2,1,2,1,4,5,5,1,4,2,3,1,2,19
"11816",11816,1,1,1,1,1,1,0,1,1,1,1,1,1,1,1,1,1,1,1,1,1,1,1,1,1,1,0,1,1,1,1,1,1,1,1,1,1,0,1,1,1,1,0,0,0,1,3,2,3,4,4,4,2,4,2,2,5,5,5,3,5,1,2,5,4,5,2,3,2,2,3,4,4,4,4,3,2,0,1,39
"11986",11986,1,1,1,1,1,1,1,1,1,1,1,1,1,1,1,1,1,1,1,1,1,1,0,1,0,0,1,1,1,1,1,1,1,1,1,1,1,0,1,1,1,1,0,0,0,3,2,2,2,1,2,3,4,2,2,3,3,5,5,3,5,5,3,3,4,3,4,4,3,4,2,4,2,3,3,3,2,1,1,24
"8063",8063,1,1,1,1,1,1,1,1,1,1,1,0,1,1,1,1,1,1,1,1,0,1,1,1,1,1,0,1,1,1,1,1,1,1,1,1,1,0,1,1,1,1,0,1,1,3,1,5,4,1,3,3,3,1,2,3,3,3,3,1,3,1,1,3,3,3,2,3,3,1,2,3,5,2,5,3,3,1,1,27
"11712",11712,1,1,1,1,1,1,0,1,1,1,1,1,1,1,1,1,1,0,1,1,1,1,1,1,1,1,0,1,1,1,1,1,1,1,1,1,1,1,1,1,1,1,0,1,1,3,1,1,5,3,2,1,3,1,1,1,3,4,5,1,5,5,4,1,5,1,1,1,1,4,1,4,2,5,5,4,1,1,1,67
"10862",10862,1,1,1,1,1,1,1,1,0,0,1,1,1,1,0,1,1,0,0,1,1,1,0,0,0,1,0,0,1,0,1,1,1,1,0,1,1,0,1,0,0,0,0,0,1,5,3,5,4,1,3,2,4,1,3,5,2,3,5,4,4,1,1,1,5,5,5,1,4,5,1,2,1,5,5,3,1,2,1,30
"8894",8894,1,1,1,0,1,1,0,1,1,1,1,1,1,1,1,1,1,0,1,1,1,1,1,1,1,0,0,0,1,1,1,1,1,1,1,0,1,0,1,0,1,1,0,0,1,3,3,2,5,3,3,5,5,2,1,5,4,5,5,5,4,1,3,1,4,4,5,1,4,1,4,5,3,5,3,3,3,2,1,27
"1721",1721,1,1,1,0,1,1,1,1,1,1,1,1,1,1,0,1,1,0,0,0,1,1,1,1,0,1,0,1,1,1,1,1,0,0,0,0,1,0,0,0,1,0,0,0,0,2,2,4,0,3,3,4,5,4,5,4,3,5,4,2,4,1,1,4,2,1,4,1,2,3,4,3,2,3,3,2,2,1,1,20
"1802",1802,1,1,1,0,1,1,0,0,1,1,1,1,1,1,1,1,1,0,0,1,0,1,1,1,0,1,0,1,1,1,1,1,1,1,0,0,1,0,1,0,1,1,0,1,1,1,4,1,4,2,3,4,5,4,4,2,5,5,5,5,5,4,5,5,4,5,4,4,4,2,3,3,5,3,4,2,1,1,1,23
"11450",11450,1,1,1,1,1,1,0,1,1,1,1,1,1,1,1,1,1,1,1,1,1,1,1,1,1,1,1,1,1,0,1,1,1,1,1,1,1,1,1,1,1,1,1,1,1,4,3,1,2,1,4,4,4,4,3,2,4,3,4,4,4,2,3,4,4,3,4,3,4,3,2,5,4,3,4,3,2,1,1,60
"5578",5578,1,1,1,0,1,1,0,1,1,1,1,0,1,1,0,1,1,1,1,1,1,1,1,1,0,1,1,1,1,1,1,1,1,1,1,1,1,1,1,1,1,1,0,1,1,2,4,1,5,2,4,2,2,2,3,4,4,5,4,2,5,1,2,4,4,4,4,1,2,1,2,4,2,1,5,2,3,1,1,19
"4187",4187,1,1,1,0,1,0,1,0,1,1,1,1,0,1,1,1,1,1,0,1,0,1,1,1,1,1,0,0,1,1,1,1,1,0,1,0,1,0,1,0,1,0,0,0,1,4,4,1,4,2,3,4,4,5,5,4,4,4,2,2,2,1,2,3,2,1,2,3,1,1,4,2,2,1,4,2,2,1,1,16
"466",466,1,1,1,1,1,1,1,0,1,1,1,1,1,1,1,1,1,1,1,0,1,0,1,1,0,1,0,0,1,1,1,1,1,1,1,1,1,0,0,0,1,1,0,1,0,1,3,4,2,4,2,5,4,3,4,2,3,5,4,4,2,1,1,5,3,4,3,4,1,1,4,5,4,4,4,2,2,1,1,20
"3047",3047,1,1,1,0,1,1,0,0,1,1,1,0,1,1,0,0,0,0,0,0,0,1,1,1,0,1,1,1,0,1,1,0,1,1,1,1,1,1,1,0,1,0,0,0,1,3,1,1,3,5,3,3,2,1,5,3,3,3,5,2,5,3,5,1,3,5,4,1,4,5,1,1,3,3,1,3,3,2,2,31
"10534",10534,1,1,1,1,1,1,1,1,1,1,1,1,1,0,1,1,1,0,0,1,0,1,1,1,0,1,0,1,1,1,1,1,1,1,1,1,1,0,1,1,1,0,0,0,1,1,4,5,4,1,5,5,3,4,3,2,5,5,3,2,3,3,3,3,3,3,4,1,3,1,2,1,1,3,1,2,1,1,1,37
"5486",5486,1,0,1,0,1,0,0,0,0,1,1,1,1,1,1,1,1,0,0,0,0,1,1,1,0,1,0,0,0,1,1,1,0,0,0,0,0,0,0,0,0,0,0,0,1,5,3,3,2,2,4,3,3,2,2,4,5,5,4,5,5,1,3,1,4,5,2,1,4,4,3,4,4,5,5,1,3,0,1,16
"4028",4028,1,1,1,1,1,1,0,1,1,0,1,1,1,1,1,1,1,0,1,1,1,1,1,1,1,1,1,1,1,1,1,1,1,1,1,1,1,1,1,1,1,1,1,1,1,3,1,5,2,4,5,4,3,1,5,4,4,2,5,5,5,1,4,1,5,3,3,1,5,3,1,1,2,3,1,4,1,2,1,53
"11573",11573,1,1,1,1,0,1,0,0,0,1,1,1,0,1,1,1,1,0,0,1,0,1,1,1,1,1,0,0,0,0,1,1,0,0,0,0,1,0,1,0,0,0,0,0,0,5,4,2,4,5,4,4,5,1,1,5,4,5,4,1,3,3,3,5,2,5,1,1,1,1,3,1,5,5,4,2,3,3,1,17
"6732",6732,1,1,1,0,1,1,1,1,1,1,1,1,1,1,1,1,1,1,1,1,1,1,1,1,1,1,1,1,1,1,1,1,1,1,1,1,1,1,1,1,1,1,1,1,1,4,2,2,4,1,4,5,1,3,1,1,5,5,5,1,5,1,4,5,3,5,3,3,2,5,3,5,1,3,5,4,3,1,1,31
"2666",2666,1,1,1,0,1,1,0,1,1,1,1,1,1,1,1,1,1,0,1,1,1,1,1,1,0,0,1,1,1,1,1,1,1,1,1,1,1,0,1,1,1,1,1,0,0,1,2,3,2,3,3,4,1,3,1,5,4,3,5,5,0,1,1,1,5,4,3,1,3,4,1,2,5,4,3,3,2,2,1,48
"6661",6661,1,1,1,1,1,1,0,1,1,1,1,1,1,1,1,1,1,1,0,1,0,1,1,1,1,1,0,1,1,1,1,1,1,1,1,0,1,0,1,1,1,1,0,1,1,5,5,4,2,4,4,5,5,5,4,2,5,4,5,4,5,1,4,5,5,3,4,5,1,1,2,5,5,1,1,3,1,1,1,28
"10172",10172,1,1,1,0,1,0,0,0,0,1,1,0,0,1,1,1,1,0,0,0,0,1,1,0,0,1,0,0,0,1,1,1,0,0,0,0,0,0,0,0,0,0,0,0,1,2,3,1,3,4,5,3,2,3,2,4,4,3,3,4,3,2,2,2,2,1,4,2,3,3,3,4,4,5,5,2,3,2,1,13
"11721",11721,1,1,1,1,1,1,0,1,1,1,1,1,1,1,1,1,1,0,1,1,1,1,1,1,1,1,0,1,1,1,1,1,1,1,1,1,1,1,1,1,1,1,1,1,1,1,1,1,3,1,1,1,5,1,1,3,1,1,5,1,1,1,1,1,3,5,3,1,1,3,2,3,3,5,5,3,2,2,1,55
"3929",3929,1,1,1,0,1,0,0,1,0,1,1,1,1,1,1,1,1,0,0,0,0,1,1,1,0,1,0,0,0,1,1,1,1,0,1,0,0,0,1,0,0,0,0,1,0,1,3,1,3,4,5,2,5,2,1,5,3,4,5,5,4,3,2,3,1,5,3,2,1,3,3,1,1,4,5,2,1,2,1,17
"1390",1390,1,1,1,0,1,1,0,1,1,1,1,1,1,1,0,1,1,0,1,1,1,1,1,1,1,1,1,1,1,1,1,1,1,1,1,1,1,0,1,1,1,0,0,0,1,4,4,2,4,2,2,4,4,2,1,5,2,5,3,5,4,2,3,4,4,5,4,1,2,2,3,2,4,2,4,3,1,2,1,21
"4033",4033,1,1,1,0,1,1,0,1,1,1,1,1,1,1,1,1,1,1,1,1,1,1,1,1,1,0,1,1,1,1,1,1,1,1,1,1,1,1,1,1,1,1,0,1,1,3,2,1,3,1,4,4,4,1,2,5,4,2,4,2,3,1,3,1,3,5,5,1,2,2,4,3,4,3,4,3,2,2,1,36
"5243",5243,1,1,1,1,0,1,1,0,0,1,1,1,0,1,0,1,1,0,0,0,0,1,1,0,1,1,0,0,1,1,1,1,1,0,1,0,1,0,0,1,1,0,0,0,0,4,3,1,3,1,3,1,4,3,4,1,4,3,3,3,4,5,3,3,4,3,4,2,2,1,1,4,1,1,2,3,3,1,2,29
"6117",6117,1,1,1,1,1,1,0,1,1,1,1,1,1,1,1,1,1,1,1,1,1,1,1,1,1,0,1,1,1,1,1,1,1,1,1,1,1,1,1,1,1,1,1,1,1,5,5,5,5,2,3,5,4,4,1,3,1,4,5,5,3,1,1,4,2,3,2,1,1,2,4,2,2,5,4,4,2,2,1,56
"5545",5545,1,1,1,1,1,1,0,0,0,1,1,1,1,1,0,1,1,0,1,1,0,1,1,1,0,1,0,1,1,1,1,1,1,1,0,0,0,0,1,0,1,0,0,1,0,5,2,1,4,5,3,2,4,2,2,5,3,1,5,2,5,1,4,1,4,4,3,1,4,3,4,2,4,1,4,1,2,2,1,16
"3864",3864,1,1,1,0,1,1,1,1,1,1,1,1,1,1,1,1,1,0,1,1,1,1,1,1,0,1,0,1,1,1,1,1,1,1,1,0,1,0,1,0,1,1,1,0,0,3,3,2,4,3,3,2,4,3,2,4,3,1,4,4,3,2,3,1,4,1,4,1,3,3,2,4,2,4,5,2,3,2,1,48
"5202",5202,1,1,1,1,1,1,0,1,1,1,1,1,1,1,1,1,1,0,1,1,1,1,1,1,1,1,0,1,1,1,1,1,1,1,1,0,1,1,1,0,1,1,0,0,1,1,3,2,2,2,5,3,2,5,2,3,4,5,5,2,5,4,3,4,4,1,3,1,1,3,3,3,1,2,4,2,3,1,1,40
"3518",3518,1,1,1,0,1,1,0,0,0,1,1,1,1,1,1,1,1,0,0,1,0,0,1,1,1,1,0,0,1,1,1,1,1,0,1,1,1,1,1,1,0,0,0,0,1,5,2,2,4,1,4,4,3,4,3,1,4,0,5,1,5,2,2,2,2,2,2,2,4,5,4,2,1,1,4,2,2,1,1,18
"2958",2958,1,1,1,0,1,1,1,1,1,1,1,1,1,1,1,1,1,1,1,1,1,1,1,1,1,1,0,1,1,1,1,1,1,1,0,1,1,1,1,1,1,1,1,0,1,1,5,1,5,4,4,5,2,5,2,4,5,5,5,1,5,1,2,5,2,4,4,1,4,2,5,5,2,2,5,1,2,1,1,15
"11601",11601,1,1,1,0,1,1,1,1,0,1,1,1,1,1,0,1,1,0,0,1,0,0,1,0,1,1,0,1,1,1,1,1,1,1,0,0,0,0,0,0,0,0,0,0,0,3,2,1,3,2,4,2,4,1,2,4,3,2,2,1,5,2,4,1,4,2,3,1,3,4,1,1,3,4,2,1,3,2,2,15
"2350",2350,1,1,1,0,1,0,0,1,0,1,1,1,0,0,1,1,0,0,0,1,0,1,1,0,0,1,0,0,1,1,1,1,1,0,1,0,1,0,1,0,0,0,0,0,1,2,4,1,4,1,3,5,2,4,2,4,5,3,5,5,5,1,4,1,5,1,4,2,4,3,2,5,4,2,1,2,2,1,2,36
"9544",9544,1,1,1,0,1,1,0,1,0,1,1,1,1,1,1,1,1,1,1,1,1,1,1,1,0,1,1,1,1,1,1,1,1,1,1,1,1,1,1,1,1,1,1,1,1,2,1,1,2,3,1,2,4,2,1,4,2,2,4,2,4,1,4,3,4,2,4,3,3,3,1,3,4,2,1,4,2,1,1,63
"2829",2829,1,1,1,1,1,1,1,1,1,1,1,1,1,1,1,1,1,1,1,1,1,1,1,1,1,1,0,1,1,1,1,1,1,1,1,1,1,0,1,1,1,1,0,1,1,5,3,1,3,3,4,4,4,2,2,5,3,4,3,4,2,1,2,2,4,3,2,1,4,2,2,4,4,3,2,3,2,2,1,30
"8961",8961,1,1,1,1,1,1,0,1,1,1,1,1,1,1,1,1,1,0,1,1,1,1,1,1,1,1,0,1,1,1,1,1,1,1,1,1,1,0,1,0,0,1,0,1,1,3,2,1,4,1,1,3,5,3,2,3,1,1,2,1,4,1,5,2,5,3,4,1,4,5,1,1,1,1,3,2,2,2,1,58
"12086",12086,1,1,1,1,1,1,1,1,1,1,1,1,0,1,1,1,1,0,1,1,0,1,1,1,1,1,0,1,0,1,1,1,1,0,1,0,1,0,1,1,1,1,0,0,1,1,1,5,1,1,3,4,2,5,3,2,4,4,5,2,5,1,4,1,5,4,5,5,5,1,1,4,3,1,2,3,1,2,1,35
"9882",9882,1,1,1,1,1,1,1,1,1,1,1,1,1,1,1,1,1,0,0,0,1,1,1,1,1,1,0,0,1,1,1,1,1,1,1,0,1,0,1,1,1,0,1,1,0,1,1,2,3,2,2,2,4,2,1,4,2,3,4,4,4,4,4,4,4,1,4,1,3,3,4,5,2,3,4,3,2,1,1,23
"7110",7110,1,1,1,1,1,1,1,1,1,1,1,1,0,1,1,0,1,0,1,0,0,1,1,1,0,1,0,1,1,1,1,1,1,1,1,1,1,1,1,1,1,0,0,0,0,5,4,1,2,4,2,5,5,3,5,5,3,1,5,1,5,2,4,2,5,1,5,4,1,5,1,4,1,1,4,2,3,0,1,58
"6986",6986,1,1,1,1,1,1,0,1,0,1,1,1,0,1,0,1,1,0,1,0,0,1,1,1,0,1,0,0,1,1,1,1,0,0,0,0,1,0,1,0,0,0,0,0,0,4,3,4,4,3,4,2,3,3,2,4,5,2,5,2,5,2,3,1,4,4,5,3,4,3,3,4,3,5,5,2,3,2,1,23
"4339",4339,1,1,1,0,1,1,1,1,1,1,1,1,1,1,1,1,1,1,1,1,1,1,1,1,1,1,0,1,1,1,1,1,1,1,1,1,1,1,1,0,1,1,0,1,1,5,1,1,1,5,4,3,5,1,1,4,2,2,5,5,4,1,1,1,5,4,4,1,5,5,1,2,2,1,4,2,3,2,1,62
"11142",11142,1,1,1,0,0,1,0,1,0,0,1,0,1,0,1,1,0,0,0,0,1,1,1,0,1,0,1,0,0,0,1,0,1,0,1,1,1,1,1,0,1,0,0,0,1,1,1,3,3,5,5,4,5,1,1,5,3,4,2,5,5,1,5,1,5,1,5,1,5,1,3,1,5,1,2,0,3,2,2,13
"23",23,1,1,1,0,1,1,0,1,1,1,1,1,1,1,1,1,1,0,0,1,1,1,1,0,0,1,1,1,1,1,1,1,1,0,1,1,1,0,0,0,1,0,0,0,0,2,3,3,2,1,1,2,3,1,3,4,4,5,4,4,4,1,5,3,4,3,4,3,5,3,2,5,3,2,3,2,3,1,2,21
"6460",6460,1,1,1,0,1,1,0,1,1,1,1,1,1,1,1,1,1,1,1,1,1,1,1,1,0,1,0,1,1,1,1,1,1,1,1,1,1,1,0,1,1,1,1,0,0,2,3,5,3,5,3,1,4,1,3,5,2,2,3,2,4,1,2,2,4,4,5,2,3,4,2,2,2,2,4,4,1,2,1,49
"3244",3244,1,1,1,0,1,1,0,0,1,1,1,1,1,1,1,1,1,0,0,1,1,1,1,0,0,0,0,1,1,1,1,1,1,1,1,1,1,1,0,1,1,0,0,0,1,2,1,4,1,3,4,3,2,5,2,3,3,4,4,2,2,3,2,1,4,3,3,3,5,2,2,2,3,2,5,3,3,1,2,32
"10088",10088,1,1,1,0,1,1,0,1,1,1,1,1,1,1,1,1,1,0,1,1,1,1,1,1,1,1,1,1,1,1,1,1,1,0,1,1,1,1,1,1,1,0,0,1,1,3,3,1,5,5,5,3,5,3,3,1,1,4,4,1,2,1,2,4,4,3,3,4,3,4,4,3,1,1,3,3,3,1,1,68
"6155",6155,1,1,1,1,1,1,1,1,1,1,1,1,1,1,1,1,1,1,1,1,1,1,1,1,1,1,1,1,1,1,1,1,1,1,1,1,1,1,1,1,1,1,1,1,1,1,2,1,3,3,4,3,4,3,3,2,2,4,5,1,2,1,4,3,3,1,3,1,3,3,4,4,4,2,4,4,2,1,1,60
"5494",5494,1,1,1,0,1,1,1,1,1,1,1,1,1,1,1,1,1,1,0,0,0,1,1,1,1,1,0,1,1,1,1,1,1,1,1,0,1,0,1,1,1,0,0,0,1,1,3,5,1,1,5,1,0,4,1,5,5,1,3,5,5,5,4,1,5,5,5,1,1,1,2,1,1,1,1,2,3,2,1,23
"2090",2090,1,1,1,1,1,1,1,1,0,1,1,1,0,1,1,1,1,0,1,1,1,1,1,1,0,0,0,0,1,1,1,1,1,1,1,0,1,0,1,0,0,0,0,1,1,3,3,1,3,5,1,1,3,5,3,5,5,3,5,5,5,1,3,3,5,3,3,5,5,5,3,3,3,5,5,2,3,2,1,34
"5304",5304,1,1,1,0,1,1,0,1,1,1,1,1,1,1,1,1,1,0,0,1,0,0,1,1,1,1,0,1,1,1,1,1,1,1,0,0,1,0,1,1,1,1,0,0,0,3,4,1,3,1,5,2,1,4,4,5,5,2,3,5,5,1,4,2,5,5,5,1,4,1,1,1,2,2,3,2,2,2,1,22
"11627",11627,1,1,1,1,1,1,0,1,1,1,1,1,1,1,1,1,1,1,1,1,1,1,1,1,1,1,1,1,1,1,1,1,1,1,1,1,1,1,1,1,1,1,1,0,1,1,1,1,1,1,5,5,1,1,1,1,1,1,1,1,1,1,1,1,1,1,1,1,1,1,1,1,1,1,1,3,2,1,1,66
"11218",11218,1,1,1,0,1,1,1,1,1,1,1,1,1,1,1,1,1,1,1,0,1,1,1,1,1,1,0,0,1,1,1,1,1,1,1,1,1,0,1,1,1,1,0,1,0,1,1,2,3,2,1,1,4,1,1,4,2,1,2,1,3,1,4,2,4,4,4,1,4,2,2,3,4,2,4,3,2,2,1,22
"3960",3960,1,1,1,0,1,1,0,1,1,1,1,1,1,0,1,1,1,1,1,1,1,1,1,1,1,1,0,1,1,1,1,1,1,1,1,1,1,0,1,1,1,1,1,1,1,5,3,5,2,3,5,2,3,4,2,1,5,5,5,5,4,1,4,1,4,1,3,5,3,5,4,2,5,5,1,4,1,1,1,61
"7862",7862,1,1,1,0,1,0,1,0,0,1,1,0,0,1,1,1,1,0,0,0,0,1,1,0,0,1,0,0,0,0,1,1,0,0,0,0,1,0,0,0,0,0,0,0,0,3,1,1,2,5,5,4,5,2,1,1,5,2,4,5,5,5,5,5,5,5,4,2,5,4,5,2,3,5,2,2,3,1,1,17
"4017",4017,1,1,1,0,1,1,1,1,1,1,1,1,1,1,1,1,1,0,0,1,0,1,0,1,0,1,0,1,0,1,1,1,1,1,1,0,1,0,1,1,0,0,0,0,0,3,3,1,2,1,2,3,4,4,3,2,2,2,3,1,1,3,4,2,3,3,2,1,2,1,2,4,4,1,2,4,1,1,1,55
"4337",4337,1,1,1,0,1,1,1,1,0,1,1,1,1,1,1,1,1,1,0,1,0,1,1,0,1,1,0,0,1,1,1,1,1,1,1,0,0,0,1,0,1,0,1,0,1,4,2,5,2,1,3,3,3,5,4,2,4,2,3,5,5,1,1,1,3,3,5,2,3,3,4,3,3,3,5,3,3,2,2,19
"8718",8718,1,1,1,0,1,0,0,1,1,1,1,1,1,1,0,1,0,0,0,0,0,1,1,1,0,1,0,0,1,1,1,1,1,1,0,0,0,0,0,0,0,0,0,0,0,4,2,1,2,4,2,3,2,4,2,5,3,2,4,2,4,1,2,4,3,4,4,2,2,1,2,4,4,3,5,2,3,2,2,21
"11776",11776,1,1,1,0,1,1,1,1,1,1,1,1,1,1,1,1,1,1,1,1,1,1,1,1,1,1,0,0,1,1,1,1,1,1,1,1,1,1,1,0,1,0,0,1,1,4,2,4,1,1,4,2,4,2,2,5,4,2,4,4,5,1,2,4,3,4,1,1,4,4,3,5,4,3,5,2,2,2,1,19
"5568",5568,1,1,1,1,1,1,1,1,1,1,1,1,1,1,1,1,1,0,1,1,1,1,1,1,1,1,0,1,1,1,1,1,1,1,1,1,1,1,1,1,1,0,0,1,1,5,4,1,4,5,4,1,5,3,4,5,2,5,1,1,1,1,4,1,4,1,4,1,5,1,2,2,2,4,5,2,2,2,1,31
"10152",10152,1,1,1,1,1,1,1,1,0,1,1,1,1,1,0,1,1,0,0,1,0,1,1,1,0,1,0,0,0,1,1,1,0,1,0,0,1,0,1,0,1,0,0,0,0,4,4,1,3,4,3,3,4,2,3,5,2,2,2,3,3,1,4,4,2,4,3,2,2,2,4,4,3,3,5,2,3,2,1,20
"9251",9251,1,1,1,0,1,0,0,1,0,1,1,1,1,1,1,1,1,0,0,0,0,1,1,1,0,1,0,0,1,0,1,1,0,1,0,0,1,0,1,0,1,0,0,0,0,4,4,5,4,5,5,2,5,2,2,2,5,2,5,5,4,1,2,5,3,2,2,2,4,4,2,3,3,5,2,1,2,2,1,15
"5965",5965,1,0,1,0,1,1,0,0,0,1,1,0,1,1,1,1,0,0,0,0,0,1,1,0,0,1,1,0,1,0,1,0,1,0,0,0,0,0,0,0,0,0,0,0,0,5,4,3,2,5,3,3,4,5,4,5,3,5,5,2,5,5,1,2,3,1,5,4,5,3,5,1,1,4,5,4,3,1,2,18
"11376",11376,1,1,1,0,1,1,0,1,1,1,1,1,1,1,1,1,1,0,1,1,1,1,1,1,1,1,1,1,1,1,1,0,1,1,1,1,1,1,1,1,1,1,0,0,1,5,1,1,1,1,1,5,3,1,1,5,3,1,5,1,5,1,1,1,5,5,1,1,5,1,1,5,3,1,1,4,3,2,1,67
"2222",2222,1,1,1,1,1,1,0,1,1,1,1,1,1,1,1,1,1,1,1,1,1,1,1,1,1,1,0,1,1,1,1,1,1,1,1,1,1,1,1,0,1,1,0,0,0,5,2,4,4,4,4,4,2,4,4,4,4,4,4,4,4,1,1,2,2,4,2,2,2,4,4,1,4,5,4,2,2,1,1,27
"9312",9312,1,1,1,0,1,1,1,1,1,1,1,1,1,1,1,1,1,1,1,1,1,0,1,1,1,1,1,1,1,1,1,1,1,1,1,1,1,1,1,1,1,1,1,1,1,1,3,4,1,3,4,1,4,1,5,5,3,4,5,5,4,1,3,3,4,1,4,1,5,3,1,3,1,2,5,3,3,3,1,36
"9467",9467,1,0,1,0,1,1,1,1,0,1,1,1,1,1,1,1,1,1,0,1,1,1,1,1,1,1,0,0,1,1,1,1,1,1,1,1,1,1,1,0,1,0,0,1,1,5,5,5,5,1,5,5,1,1,1,1,5,5,5,5,5,1,1,1,5,1,4,1,5,2,1,1,5,5,1,2,2,3,2,26
"827",827,1,1,1,1,1,1,0,1,1,1,1,1,1,1,1,1,1,1,0,0,1,1,1,1,1,1,1,1,1,1,1,1,1,1,1,1,1,0,1,1,1,1,1,0,1,2,3,3,3,4,3,5,3,2,1,2,4,4,5,4,4,1,3,3,3,3,3,4,3,4,2,5,3,4,5,4,3,1,1,30
"11926",11926,1,1,1,1,1,0,0,0,0,1,0,1,0,1,1,1,1,1,1,0,0,1,1,0,0,1,0,0,1,1,1,1,0,0,1,1,0,0,1,0,0,0,0,1,0,2,2,1,3,3,3,2,4,1,4,4,2,2,4,1,3,2,4,2,5,2,5,4,3,3,1,4,1,1,3,3,1,2,1,23
"2375",2375,1,1,1,1,1,1,0,1,1,1,1,1,1,1,1,1,1,1,1,1,1,1,1,1,1,1,0,1,1,0,1,1,1,1,1,0,1,0,1,1,1,1,0,0,1,5,4,1,4,2,3,2,4,5,4,4,3,2,3,2,3,2,4,1,3,2,2,2,4,3,4,2,1,1,4,3,3,2,1,20
"10285",10285,1,1,1,0,1,1,0,1,1,1,1,1,1,1,1,1,1,0,1,1,1,1,1,1,1,1,0,0,1,1,1,1,1,1,1,1,1,0,1,0,1,1,0,0,1,4,4,3,5,3,4,3,3,2,1,5,4,2,4,1,4,2,3,3,2,2,4,2,3,1,2,1,2,3,3,2,2,2,1,19
"8844",8844,1,1,1,1,1,1,1,1,1,1,1,1,1,1,1,1,1,0,1,1,1,1,1,1,1,0,0,1,1,1,1,1,1,1,0,1,1,0,1,1,1,1,0,1,1,4,1,4,3,4,5,1,3,3,2,1,4,5,5,1,3,2,4,3,3,3,3,2,3,4,2,4,4,4,3,3,2,1,1,40
"4480",4480,1,1,0,0,1,0,0,0,0,1,1,1,1,1,1,1,1,0,0,1,0,1,1,1,1,1,0,0,0,1,1,1,0,1,1,1,1,0,1,0,1,0,0,1,1,5,3,2,3,2,2,2,3,4,3,4,3,3,4,4,4,2,3,4,5,5,4,2,3,4,1,3,3,3,4,3,3,2,1,27
"876",876,1,1,1,0,1,1,1,1,1,1,1,1,1,1,0,1,1,1,1,1,0,1,1,1,0,1,0,0,1,1,1,1,1,0,1,0,1,0,1,0,0,0,0,0,1,4,1,5,3,4,4,4,1,1,1,5,5,2,4,4,5,2,2,1,3,5,5,5,3,3,1,4,4,3,2,3,1,2,1,21
"677",677,1,1,1,1,1,0,1,1,1,1,1,1,1,1,1,1,1,0,0,0,0,0,1,1,1,0,0,1,1,1,1,0,1,1,1,0,1,0,1,0,0,0,0,1,0,5,2,1,3,4,3,2,5,2,1,5,3,5,5,4,5,1,4,1,5,1,1,1,5,5,1,4,1,3,1,1,3,2,1,22
"857",857,1,0,1,0,1,0,1,0,0,1,1,1,0,1,0,1,1,0,0,0,0,1,1,0,0,1,0,0,1,1,1,1,0,0,1,0,0,0,0,0,0,0,0,0,1,5,4,2,3,2,4,2,2,4,3,4,4,4,4,5,2,1,2,2,2,2,2,2,2,2,5,4,4,5,4,2,2,2,2,21
"3977",3977,1,1,1,0,1,0,0,0,0,1,1,1,1,1,1,1,0,0,0,1,0,1,1,0,0,1,0,1,0,0,1,1,1,0,1,0,1,0,0,0,0,0,0,0,0,5,3,4,2,5,4,3,1,5,2,2,4,1,5,5,5,1,3,1,2,5,1,1,5,5,5,2,2,5,5,2,2,2,2,24
"2501",2501,1,1,1,0,1,1,0,1,0,1,1,1,1,1,0,1,0,0,1,0,0,1,1,0,0,1,1,1,1,1,1,1,1,0,0,0,0,1,1,0,0,0,0,0,0,4,2,1,3,2,3,4,4,5,2,2,2,1,2,1,4,2,2,1,3,2,3,1,2,2,2,3,4,2,2,2,1,2,2,22
"1745",1745,1,1,1,0,1,1,0,0,1,1,1,0,0,1,1,1,1,0,0,0,1,1,0,1,0,1,0,0,1,1,1,1,0,0,1,0,1,0,0,0,0,0,0,0,1,3,0,1,2,4,4,1,3,5,4,3,4,4,4,1,4,3,3,3,3,4,4,4,3,2,3,3,2,3,4,2,2,1,2,19
"1373",1373,1,1,1,0,1,1,0,1,1,1,1,1,1,1,1,1,1,1,1,1,1,1,1,1,0,1,1,1,1,1,1,1,1,1,1,1,1,1,1,1,1,1,1,1,1,5,2,1,3,4,1,3,4,2,4,4,2,1,5,5,4,1,2,1,4,4,1,1,1,5,1,1,5,4,5,4,3,2,1,54
"11965",11965,1,0,1,0,1,1,1,0,0,1,1,1,0,0,0,1,1,1,0,0,0,1,1,1,0,1,0,0,0,0,1,1,0,0,0,0,1,0,0,0,0,0,0,0,1,3,2,2,2,5,3,2,4,3,3,5,4,1,4,2,3,5,4,4,5,2,5,1,4,2,3,3,3,5,4,2,1,1,1,18
"10018",10018,1,1,1,0,1,0,0,0,0,1,1,1,1,1,1,1,1,0,0,0,0,1,1,0,0,1,0,0,1,1,1,1,0,0,1,0,0,0,0,0,1,0,0,0,0,1,3,1,2,4,4,5,2,5,3,1,4,3,5,4,4,1,2,3,4,4,3,4,5,4,3,4,2,1,5,3,2,1,2,22
"3497",3497,1,1,1,0,1,1,0,1,1,1,1,1,1,1,1,1,1,1,0,1,0,1,1,1,1,1,0,0,0,1,1,1,0,1,0,1,1,0,1,0,1,0,0,1,1,4,3,5,5,5,5,2,5,2,2,5,5,2,5,5,3,1,3,1,2,4,2,2,2,3,4,3,5,3,5,2,3,2,1,19
"3663",3663,1,1,1,1,1,1,0,1,1,1,1,1,1,1,1,1,1,0,1,1,0,1,1,1,1,1,0,1,1,1,1,1,1,1,1,0,1,0,1,0,0,0,0,1,1,1,1,2,4,5,3,5,4,5,3,5,4,5,5,5,5,2,4,1,5,1,5,1,3,5,1,2,1,5,5,2,2,0,1,47
"9166",9166,1,1,1,1,1,1,1,1,1,1,1,1,1,1,1,1,1,0,1,1,1,1,1,1,1,1,0,1,1,1,1,1,1,1,0,1,1,0,1,0,1,1,0,0,1,5,2,2,2,3,4,3,3,4,1,5,4,2,3,3,4,4,2,3,3,3,5,2,3,2,4,4,3,2,5,2,3,2,1,20
"10873",10873,1,1,1,0,1,1,0,1,1,1,1,1,1,1,1,1,1,1,1,0,1,1,1,1,1,1,0,0,0,0,1,1,1,1,0,1,1,0,1,1,0,1,1,0,0,3,1,1,3,1,3,5,3,5,2,1,3,0,5,1,5,1,4,3,5,1,5,5,4,3,1,5,5,1,5,2,3,1,1,72
"7397",7397,1,1,1,1,1,1,1,1,1,1,1,1,1,1,1,1,1,1,1,1,1,1,1,1,0,1,1,1,1,1,1,1,1,1,1,1,1,1,1,1,1,0,0,1,1,4,4,4,4,1,3,2,4,2,1,5,3,5,5,5,5,1,2,2,4,4,5,2,2,1,2,4,3,2,5,3,3,2,1,24
"2969",2969,1,1,1,0,1,0,0,0,0,1,1,1,1,1,0,1,1,0,0,0,0,1,1,0,0,1,0,0,0,1,1,1,1,0,1,0,1,0,0,0,0,0,0,0,0,5,1,3,2,4,1,1,2,3,3,4,4,2,4,4,4,1,2,1,4,1,3,2,5,4,2,3,2,2,5,3,1,2,2,33
"2920",2920,1,1,1,0,0,1,1,1,0,1,1,1,0,1,1,1,1,0,0,0,0,1,1,0,0,1,0,0,0,1,1,0,1,1,1,0,1,0,1,0,0,0,0,1,1,4,2,1,3,3,5,4,2,4,2,5,4,4,5,3,4,2,5,1,4,1,5,1,3,5,2,5,2,3,5,2,3,2,1,30
"2758",2758,1,1,1,1,1,1,1,1,1,1,1,1,0,1,1,1,1,0,1,0,0,1,1,0,0,1,0,0,0,0,1,1,0,0,0,0,1,1,1,0,0,0,0,0,1,1,3,5,3,5,3,1,4,5,4,2,3,2,3,2,2,1,3,1,3,3,5,3,4,3,3,2,1,4,5,3,2,2,1,35
"5258",5258,1,1,1,1,1,1,1,1,1,1,1,1,1,1,1,1,1,1,1,1,0,1,1,1,1,1,1,1,1,1,1,0,1,1,1,1,1,1,1,1,1,1,1,1,0,3,4,4,2,5,4,1,2,5,1,4,3,5,5,2,4,4,3,3,3,1,2,5,4,4,2,4,2,3,3,2,3,1,1,37
"5072",5072,1,1,1,1,1,1,0,1,1,1,1,1,1,1,1,1,1,1,1,1,1,1,1,1,1,1,0,0,1,1,1,1,1,0,1,0,1,1,1,1,0,1,0,0,1,1,3,5,4,4,4,5,2,4,4,5,5,1,5,1,5,1,2,5,3,1,3,5,4,2,3,5,1,2,4,3,2,1,1,24
"7959",7959,1,1,1,0,1,0,0,0,0,1,1,0,1,1,0,1,1,0,0,0,0,1,1,0,0,1,0,0,0,1,1,1,0,0,0,0,0,0,0,0,0,0,0,0,1,3,2,4,2,4,1,4,3,3,5,4,4,4,4,1,1,1,2,2,2,2,4,1,1,2,4,2,4,1,4,1,3,2,2,14
"2738",2738,1,1,1,1,1,1,1,1,1,1,1,1,1,1,1,1,1,0,1,1,0,1,1,1,1,1,1,1,1,1,1,1,1,1,1,1,1,0,1,1,1,1,0,0,1,5,3,2,4,1,5,4,3,5,5,4,5,2,5,5,5,4,4,1,5,4,5,1,0,4,1,4,3,1,2,2,1,2,1,40
"3308",3308,1,1,1,0,1,0,1,1,1,1,1,1,1,1,1,1,1,0,0,1,0,1,1,1,0,1,0,1,1,1,1,1,1,0,1,1,1,1,0,0,0,0,0,1,0,2,3,1,2,1,1,4,4,4,4,2,2,5,5,1,2,4,3,2,4,4,3,1,2,2,2,1,2,1,2,3,2,1,2,30
"6205",6205,1,1,1,1,1,1,0,1,1,1,1,1,1,1,1,1,1,0,0,1,0,1,1,1,0,1,0,0,1,1,1,1,1,1,1,0,1,1,1,1,1,1,1,0,1,3,3,2,4,1,3,5,5,2,4,2,3,4,4,2,3,4,4,4,5,2,4,4,4,4,1,4,5,1,3,3,1,1,1,42
"5427",5427,1,1,1,1,1,1,0,1,1,1,1,1,1,1,1,1,1,1,1,1,1,1,1,1,1,1,1,1,1,1,1,0,1,1,1,1,1,1,1,1,1,1,1,1,1,4,3,2,3,4,2,3,4,4,1,5,3,2,4,3,3,4,3,2,3,2,2,2,3,3,1,2,4,3,5,3,3,2,2,30
"7512",7512,1,1,1,1,1,1,1,1,1,1,1,1,1,1,1,1,1,1,1,1,1,1,1,1,1,1,0,1,1,1,1,1,1,1,0,1,1,0,1,0,1,1,0,0,1,1,4,4,3,4,3,2,5,3,3,1,3,1,5,4,4,1,2,3,3,5,3,1,1,1,4,4,3,1,5,2,2,2,1,20
"6698",6698,1,1,1,1,1,1,1,1,1,1,1,1,1,1,0,1,1,0,0,0,0,1,1,1,1,1,0,1,1,1,1,1,1,1,1,0,1,0,1,1,1,1,0,0,1,4,1,1,1,1,2,3,3,4,2,2,3,3,4,1,4,4,3,3,3,3,3,4,4,1,3,4,4,1,4,3,2,1,1,26
"2575",2575,1,1,0,0,1,0,1,1,1,1,1,0,0,1,0,0,0,0,0,0,0,1,1,0,0,1,0,0,1,1,1,1,0,0,1,0,0,0,0,0,0,0,0,1,0,2,2,1,2,1,3,4,2,4,4,1,2,4,5,1,4,1,4,1,4,2,2,1,4,1,2,4,4,1,2,2,3,1,2,24
"6175",6175,1,1,1,0,1,0,0,0,0,0,0,0,0,1,0,1,1,0,0,0,1,1,1,1,1,1,0,0,1,0,1,1,0,0,1,0,0,0,1,0,0,0,0,0,1,4,2,1,3,5,2,1,5,4,4,5,1,2,3,1,1,1,3,3,4,3,3,2,2,3,3,1,1,3,3,2,1,2,1,31
"4973",4973,1,1,1,1,1,1,0,1,1,1,1,1,1,1,1,1,1,1,1,1,1,1,1,1,1,1,1,1,1,1,1,1,1,1,1,0,1,0,1,0,1,1,1,1,0,4,4,2,4,3,3,5,4,4,1,4,3,1,2,4,5,1,2,5,3,4,4,1,2,3,3,4,1,3,5,3,2,2,1,23
"1177",1177,1,1,1,0,1,0,1,0,1,1,1,1,1,1,0,1,1,0,0,1,0,1,1,1,0,1,0,1,1,1,1,1,1,0,1,0,1,0,0,1,1,0,0,0,1,5,2,2,5,4,3,2,4,4,2,4,5,1,4,2,4,1,2,2,2,2,4,2,1,2,2,3,1,4,4,2,3,1,2,20
"4286",4286,1,1,1,0,1,1,1,1,1,1,1,1,1,1,1,1,1,1,1,1,1,1,1,1,1,1,1,1,1,1,1,1,1,1,1,1,1,1,1,0,1,0,1,1,1,5,3,1,3,3,1,2,3,1,1,5,4,1,3,5,5,1,3,1,4,1,4,1,2,3,1,3,4,2,1,3,3,2,1,57
"7371",7371,1,1,1,0,0,1,0,1,1,1,1,1,1,1,1,1,1,1,1,1,0,1,1,1,1,1,0,0,1,1,1,1,1,1,1,1,1,0,0,1,1,0,0,0,1,3,3,3,5,5,5,2,5,1,4,5,5,5,5,1,2,1,3,1,4,5,5,1,4,1,1,2,1,1,3,1,3,2,1,17
"1252",1252,1,1,1,0,1,0,0,0,0,1,0,0,1,1,0,1,1,0,0,0,0,1,1,1,0,1,0,0,0,1,1,1,0,0,0,0,0,0,0,0,0,0,0,0,0,1,5,5,5,4,1,3,2,3,5,5,5,1,3,4,2,1,4,4,3,5,1,1,5,2,3,3,3,5,5,1,2,2,1,13
"9286",9286,1,1,1,1,1,1,0,1,1,1,1,1,1,1,1,1,1,0,1,1,0,1,1,1,1,1,0,1,1,1,1,0,1,1,1,0,1,0,0,0,0,0,0,0,1,1,3,1,3,3,3,1,5,5,3,1,5,2,4,1,4,1,5,2,5,1,4,1,4,3,1,5,1,3,3,2,2,2,1,44
"7539",7539,1,1,1,0,1,1,1,1,1,1,1,1,0,1,1,1,1,1,0,1,1,0,1,1,0,1,0,1,1,1,1,1,1,1,1,1,1,0,1,1,0,0,0,1,1,3,2,2,2,4,3,4,4,3,4,2,2,4,4,1,3,3,3,2,4,2,2,2,3,4,2,4,3,4,3,3,2,1,1,60
"4031",4031,1,1,1,1,1,1,0,1,1,1,1,1,0,1,1,1,1,0,0,0,0,1,1,1,1,1,0,0,1,1,1,1,1,0,0,0,1,0,0,0,0,0,0,0,1,1,2,1,2,5,4,2,3,2,1,4,4,2,3,5,3,2,1,2,4,4,3,1,4,3,2,2,2,2,2,2,2,2,1,17
"12157",12157,1,1,1,0,1,0,0,0,0,1,1,1,1,1,0,1,0,0,0,0,0,1,1,0,0,1,0,0,0,0,1,1,0,0,1,0,0,1,0,0,0,0,0,0,0,3,1,1,1,0,4,2,1,2,1,1,4,4,4,4,4,3,3,1,3,3,4,2,4,4,1,3,3,4,1,2,3,2,2,18
"1333",1333,1,1,1,1,1,1,0,1,1,1,1,1,1,0,1,1,1,1,1,1,1,1,1,1,1,1,1,1,1,1,1,1,1,1,1,1,1,1,1,0,1,1,1,0,1,1,1,4,4,4,3,3,3,5,1,3,3,4,5,4,4,1,2,3,2,4,3,1,4,4,5,5,2,5,4,3,2,0,1,57
"715",715,1,0,1,1,1,0,0,0,0,1,1,0,1,1,0,1,1,0,0,0,1,1,1,0,1,1,0,0,1,0,1,0,0,0,1,0,0,0,0,0,0,0,0,0,0,5,4,1,5,4,5,2,4,4,3,5,3,2,5,3,4,1,4,3,4,3,4,3,1,5,3,4,4,3,5,3,3,2,2,22
"9428",9428,1,0,1,0,1,1,1,0,1,1,1,1,0,1,1,1,1,0,0,0,0,1,1,0,1,1,0,0,1,1,1,1,1,0,1,1,0,0,0,0,0,0,0,0,0,4,3,1,3,4,1,2,5,1,2,4,4,3,3,2,2,1,5,3,5,5,5,1,4,3,1,2,2,2,4,3,3,2,1,20
"1125",1125,1,1,1,0,1,1,1,1,1,1,1,1,1,1,1,1,1,1,0,0,1,1,1,1,0,1,0,0,1,0,1,1,1,1,1,0,1,0,1,1,1,1,0,0,1,3,4,1,4,2,4,3,4,4,4,2,4,4,4,2,5,3,4,2,4,4,4,3,2,2,4,2,4,3,4,1,2,1,1,21
"8671",8671,1,1,1,0,1,1,0,1,1,1,1,1,1,1,1,1,1,1,1,1,1,1,1,1,1,1,0,0,1,1,1,1,0,0,0,0,1,0,0,0,1,0,1,0,1,2,3,3,3,1,3,2,5,1,4,5,3,3,4,4,5,1,3,3,4,3,5,1,4,3,3,4,3,2,3,2,2,1,1,15
"7484",7484,1,1,1,0,1,1,1,0,1,1,1,1,1,1,0,1,1,0,0,1,0,1,1,1,1,1,0,0,0,1,1,1,1,0,0,0,1,0,0,1,0,0,0,0,1,5,1,3,1,5,4,5,3,1,1,5,5,5,5,5,5,1,2,1,4,5,3,1,5,5,1,5,4,5,5,2,2,2,1,18
"6181",6181,1,1,1,1,1,1,1,0,1,1,1,1,1,1,1,1,1,0,0,1,1,1,1,1,1,1,0,1,1,1,1,1,1,1,1,0,1,1,1,0,0,0,0,0,1,4,2,1,5,4,3,2,5,4,2,5,3,4,4,1,4,2,2,1,4,5,3,4,5,3,3,4,3,2,5,3,2,2,1,25
"4358",4358,1,1,1,1,1,1,1,1,1,1,1,1,1,1,1,1,1,1,1,1,1,1,1,1,0,1,0,1,1,1,1,1,1,1,1,1,1,1,1,0,1,1,0,1,1,2,5,1,5,1,4,4,4,3,3,4,3,5,4,1,3,1,2,3,4,1,4,1,3,3,1,3,1,4,3,2,2,1,1,49
"8661",8661,1,1,0,0,1,0,1,0,0,1,0,1,0,1,1,1,0,0,0,0,0,1,1,0,1,0,0,1,1,1,1,1,0,0,1,0,0,0,0,0,0,0,0,0,0,3,1,1,3,1,1,4,5,5,2,4,4,3,5,5,4,4,4,3,4,3,1,1,3,5,4,1,4,5,1,3,1,1,2,60
"11044",11044,1,1,1,0,1,0,1,1,1,1,1,1,0,1,1,1,1,0,0,0,0,1,1,1,0,1,0,1,0,1,1,1,1,1,1,0,1,0,1,0,1,0,0,0,0,3,3,1,3,5,5,4,4,2,4,5,4,1,4,2,4,3,3,5,2,4,4,3,1,2,1,4,4,1,2,2,1,1,1,19
"12033",12033,1,0,1,1,1,1,0,1,1,1,1,1,1,1,1,1,1,0,1,1,0,1,1,1,1,1,0,1,1,1,1,1,1,1,1,1,1,0,1,0,1,1,0,0,1,3,2,5,4,4,4,1,4,5,2,5,3,5,5,5,5,2,2,1,4,3,2,4,4,4,2,5,5,3,5,2,3,2,1,36
"2484",2484,1,1,1,1,1,1,1,1,1,1,1,1,1,1,1,1,1,1,1,1,1,1,1,1,1,1,0,1,1,1,1,1,1,1,1,0,1,0,1,1,1,1,0,1,1,4,5,2,3,4,4,3,3,4,4,3,4,2,3,3,3,1,3,2,3,3,4,4,2,3,2,4,4,2,4,3,2,2,1,36
"5592",5592,1,1,1,0,1,1,1,1,1,1,1,1,1,1,1,1,1,0,1,1,1,1,1,1,1,1,1,1,1,1,1,1,1,1,0,1,1,1,1,1,1,1,1,0,1,1,4,4,5,4,3,2,3,5,2,5,4,3,2,4,5,2,1,2,3,3,5,1,2,3,3,5,3,3,5,2,2,2,1,25
"8142",8142,1,1,1,0,1,1,0,1,1,1,1,1,1,1,1,1,1,1,1,1,1,1,1,1,0,1,0,1,1,1,1,1,1,1,1,1,1,1,1,0,1,1,0,1,1,1,1,1,1,1,1,3,2,3,2,1,1,3,4,1,3,3,2,1,3,1,2,4,3,1,3,3,2,1,3,2,1,1,1,55
"7323",7323,1,1,1,1,1,1,0,1,1,1,1,1,1,1,1,1,1,1,1,1,1,1,1,1,1,1,0,1,1,1,1,1,1,1,1,1,1,1,1,1,1,0,0,0,1,1,4,1,3,2,3,1,4,4,3,2,4,4,4,2,4,2,2,2,4,3,2,2,4,1,2,4,2,1,3,3,2,1,1,50
"3894",3894,1,1,1,0,1,1,1,1,1,1,1,1,1,1,1,1,1,0,1,1,1,1,1,1,0,1,0,1,1,1,1,1,1,1,1,1,1,1,1,1,1,1,0,0,1,3,2,5,3,1,4,4,1,5,1,1,1,4,5,1,5,4,4,5,4,1,4,4,4,3,1,5,2,3,1,4,1,1,1,50
"11560",11560,1,1,1,0,1,1,0,1,0,1,1,1,1,1,0,1,1,0,0,1,0,1,1,1,0,1,0,0,1,1,1,1,1,1,0,1,1,0,1,0,1,0,0,0,1,3,4,5,3,2,5,5,1,2,1,3,5,5,5,4,5,5,4,2,5,5,5,1,2,3,1,3,2,3,4,1,1,2,1,16
"3291",3291,1,1,1,0,1,1,0,0,0,1,1,0,1,1,0,0,0,0,1,0,1,1,1,0,1,1,0,1,1,0,1,0,1,1,1,0,1,0,1,0,0,0,0,0,1,5,2,1,4,4,5,3,3,5,3,5,3,3,4,1,5,1,3,1,3,4,5,2,4,2,3,3,3,4,4,2,3,2,2,43
"8967",8967,1,1,1,1,1,1,1,1,1,1,1,1,1,1,1,1,1,1,0,1,0,1,1,1,1,1,0,1,1,1,1,1,1,1,0,0,1,0,1,1,1,1,1,1,1,1,4,2,3,4,4,3,2,4,1,4,3,4,5,2,5,4,1,4,3,4,4,4,2,4,3,4,4,3,4,2,2,1,1,20
"1496",1496,1,1,1,0,1,1,0,1,1,1,1,1,1,1,1,1,1,1,1,1,1,1,1,1,1,1,0,1,1,1,1,1,1,1,1,1,1,1,1,1,1,1,1,0,1,5,1,5,3,1,3,5,3,1,1,1,3,1,5,4,2,3,2,2,4,3,2,1,3,3,1,1,5,3,3,4,3,2,1,58
"6746",6746,1,1,1,1,1,1,1,1,1,1,1,0,1,1,1,1,1,0,1,1,0,1,1,1,1,1,0,1,1,1,1,1,1,1,0,1,1,1,1,1,1,1,0,0,1,5,3,1,3,3,1,5,5,4,1,1,5,2,5,1,2,1,3,3,5,1,4,1,2,5,3,1,1,1,5,3,1,1,1,27
"5401",5401,1,1,1,1,1,1,1,1,1,1,1,1,1,1,1,1,1,1,1,1,1,1,1,1,1,1,1,1,1,1,1,1,1,1,1,1,1,1,1,1,1,1,0,1,1,2,1,4,3,1,3,4,4,4,5,1,2,5,4,2,4,3,3,2,4,1,1,4,3,3,1,4,4,3,3,3,1,1,1,52
"8771",8771,1,1,1,0,1,1,1,1,0,1,1,1,1,1,0,1,1,0,0,1,0,1,1,0,0,1,0,0,1,1,1,1,1,0,1,1,0,0,0,1,0,0,0,1,0,3,4,3,4,2,5,5,5,1,3,5,3,2,4,3,3,1,4,4,4,3,4,4,3,4,4,1,2,3,5,2,3,2,2,22
"5991",5991,1,1,1,1,1,1,1,1,1,1,1,1,1,1,1,1,1,1,1,1,1,1,1,1,1,1,1,1,1,1,1,1,1,1,1,1,1,1,1,1,1,1,1,1,1,4,4,1,3,1,5,1,4,2,1,4,5,5,5,4,5,1,2,2,2,1,2,1,2,1,3,5,4,2,5,2,3,1,2,38
"6656",6656,1,1,1,0,1,1,0,1,1,1,1,1,1,1,1,1,1,1,1,1,0,1,1,1,1,1,0,1,1,1,1,1,1,0,1,1,1,1,1,0,1,1,0,1,1,1,3,4,4,1,4,2,2,4,2,2,4,5,2,2,4,3,2,4,3,3,4,4,2,2,3,4,4,3,4,3,2,1,2,24
"7299",7299,1,1,1,1,1,1,0,1,1,1,1,1,1,1,1,1,1,1,1,1,0,1,1,1,0,1,0,1,1,1,1,1,1,1,1,1,1,1,1,1,1,1,0,1,0,4,4,2,4,1,4,4,4,2,3,4,5,4,4,2,4,1,2,4,2,4,4,2,1,1,2,4,4,1,4,3,2,1,1,22
"7215",7215,1,1,1,0,1,1,0,1,1,1,1,1,1,1,1,0,1,1,1,1,1,1,1,1,1,1,1,1,1,1,1,1,1,1,1,1,1,1,1,0,1,1,0,1,1,3,1,0,3,3,5,2,2,4,1,1,3,4,5,1,5,1,3,1,3,1,3,1,5,5,1,3,3,5,1,2,2,1,1,68
"4990",4990,1,1,1,0,1,1,0,1,1,1,1,1,1,1,0,1,1,0,0,0,0,1,1,1,0,1,0,0,1,1,1,1,1,0,1,0,1,0,0,0,1,0,0,0,1,3,2,1,2,3,4,3,1,4,4,1,3,4,3,3,4,1,2,3,4,1,5,4,4,1,4,5,3,1,3,2,3,1,1,20
"4212",4212,1,1,1,1,1,1,0,1,1,1,1,1,1,1,1,1,1,1,1,1,1,1,1,1,1,1,0,1,1,1,1,1,1,1,1,1,1,1,1,0,1,1,0,1,1,3,3,5,3,1,5,4,5,1,2,1,3,3,3,2,5,1,5,1,5,1,4,0,1,5,1,1,1,1,1,3,3,2,1,67
"5254",5254,1,1,1,1,1,1,1,1,1,1,1,1,1,1,1,1,1,1,1,1,0,1,1,1,1,1,0,0,1,0,1,1,1,0,1,0,1,0,1,1,1,0,0,0,1,1,2,2,2,4,5,4,3,4,3,4,5,4,5,4,5,4,2,2,3,4,5,4,5,1,3,5,4,3,5,3,2,1,1,22
"8591",8591,1,1,1,1,1,1,0,1,1,1,1,1,0,1,1,1,1,1,0,0,0,1,1,1,1,1,0,1,1,1,1,1,1,1,1,1,1,0,1,1,1,0,1,1,1,5,1,1,1,1,2,4,4,2,2,2,2,2,5,4,3,1,4,2,4,2,4,1,4,3,1,5,2,2,1,3,2,1,1,22
"4604",4604,1,1,0,0,1,1,1,0,1,1,1,0,0,1,0,1,1,0,0,1,0,1,1,0,1,1,0,1,0,1,1,1,0,0,1,0,0,0,0,0,0,1,0,0,1,4,1,2,3,5,3,2,4,3,3,3,3,2,3,2,3,1,2,3,2,4,3,1,2,2,5,2,2,3,5,2,1,1,1,14
"9837",9837,1,1,1,0,1,1,1,1,1,1,1,1,1,1,1,1,1,0,1,1,1,1,1,1,0,1,0,1,1,1,1,1,1,1,1,0,1,0,1,0,1,1,0,1,1,3,2,1,3,3,3,1,5,2,3,3,3,3,4,1,3,2,4,2,4,3,4,2,2,3,1,2,2,3,2,3,3,2,1,57
"7160",7160,1,1,1,1,1,1,0,1,1,1,1,1,1,1,1,1,1,0,0,1,1,1,1,1,1,1,0,1,1,1,1,1,1,1,1,1,1,1,1,1,1,1,1,0,0,4,3,5,3,4,1,1,5,1,2,5,2,2,5,5,4,1,1,1,4,4,5,1,3,2,1,4,3,3,1,4,2,2,1,34
"11766",11766,1,1,1,0,1,1,0,1,1,1,1,1,1,1,1,1,1,0,0,1,1,1,1,1,0,1,0,1,1,1,1,1,1,1,1,0,1,0,0,1,1,0,1,0,1,4,2,1,2,1,3,5,3,2,2,1,5,4,5,1,1,1,4,4,4,4,4,1,4,1,1,4,5,2,1,4,2,1,2,32
"1461",1461,1,1,1,1,1,1,0,1,1,1,1,1,1,1,1,1,1,1,1,1,1,1,1,1,1,1,1,1,1,1,1,1,1,1,1,1,1,1,1,1,1,1,1,1,1,3,4,2,4,4,3,4,3,2,5,1,4,4,5,5,5,1,2,2,2,2,4,1,3,4,2,4,1,5,2,3,1,1,1,62
"2908",2908,1,1,1,0,1,1,0,0,1,1,1,1,0,1,1,1,1,1,0,1,0,1,1,1,0,1,0,1,1,1,1,1,0,0,0,0,1,1,1,0,0,0,0,1,1,2,3,1,3,3,2,1,4,3,2,1,2,2,4,4,5,3,2,4,4,1,4,1,2,2,2,5,1,2,4,3,1,1,1,29
"6598",6598,1,1,1,1,1,1,0,1,1,1,1,1,1,1,1,1,1,1,1,1,1,1,0,1,1,0,1,1,1,1,1,1,1,1,1,1,1,1,1,1,1,0,0,1,1,5,1,2,4,4,4,3,2,2,2,4,4,4,4,2,4,1,4,2,4,5,3,1,4,3,1,4,2,2,4,3,3,2,1,50
"2874",2874,1,1,1,1,1,1,1,1,0,1,1,1,1,1,1,1,1,0,0,1,1,1,1,1,1,1,0,0,0,1,1,1,1,0,1,0,1,0,0,1,1,0,0,0,1,5,1,4,3,3,3,5,1,3,1,5,5,1,3,3,4,1,3,2,5,5,5,1,4,5,2,3,4,4,4,3,1,2,1,25
"12167",12167,1,1,1,0,1,1,0,1,1,1,1,1,1,1,1,0,1,0,1,1,1,1,1,1,0,1,0,1,1,1,1,1,1,1,1,1,0,0,1,1,1,1,0,0,1,3,4,4,3,4,3,1,4,3,2,4,4,3,5,5,5,1,4,1,5,5,4,4,5,3,2,5,5,2,2,4,2,2,1,36
"9131",9131,1,1,0,0,1,0,0,1,0,1,1,1,0,1,1,1,1,0,0,0,0,1,1,0,1,1,0,0,1,1,1,1,1,0,1,0,1,0,0,0,0,0,0,0,0,5,5,3,4,4,5,2,4,4,2,5,4,5,5,4,4,3,4,2,4,2,4,4,1,4,1,3,1,5,5,2,3,1,2,51
"8126",8126,1,0,1,0,1,0,0,0,0,1,1,0,0,0,0,0,1,0,0,0,0,1,1,0,0,0,0,0,0,0,1,1,0,0,0,0,1,0,0,0,0,0,0,0,1,2,4,1,5,4,4,4,5,4,1,4,4,2,1,2,2,1,5,5,3,5,1,1,4,5,4,1,2,5,3,2,2,1,2,18
"4074",4074,1,1,1,0,1,1,1,1,1,1,1,1,1,1,1,1,1,1,1,1,1,1,1,1,1,0,1,1,1,1,1,1,1,1,1,1,1,0,1,1,1,1,0,1,1,5,4,1,1,1,5,2,3,3,1,3,3,5,5,4,4,1,3,2,3,4,5,1,3,1,3,4,3,2,4,2,3,2,1,44
"833",833,1,1,1,0,1,1,1,1,0,1,1,1,1,1,1,1,1,1,1,1,1,1,1,1,1,1,1,1,1,1,1,0,1,1,1,0,1,1,1,1,1,0,1,0,1,4,4,1,1,1,1,2,4,4,2,1,4,2,4,1,4,2,3,1,4,4,4,1,5,1,1,4,3,1,1,4,1,1,1,32
"11199",11199,1,1,1,0,1,1,0,1,1,1,1,1,1,1,0,1,1,1,1,1,1,1,1,1,1,1,0,1,1,1,1,1,1,1,1,1,1,1,1,1,1,1,0,1,1,3,1,1,2,2,4,3,3,2,2,3,3,3,4,2,3,2,3,3,3,2,2,1,4,3,2,3,2,2,2,4,3,1,1,63
"2117",2117,1,1,1,1,1,1,0,1,1,1,1,1,1,1,1,1,1,1,1,1,1,1,1,1,1,1,1,1,1,1,1,1,1,1,1,1,1,1,1,1,1,1,1,1,1,3,4,1,4,2,3,4,4,4,3,4,4,1,4,2,3,1,3,4,3,1,3,1,1,3,3,4,3,2,4,4,2,1,1,38
"7962",7962,1,1,1,1,1,1,1,1,1,1,1,1,1,1,1,1,1,0,1,1,0,1,1,1,1,1,0,1,1,1,1,1,1,1,1,1,1,1,1,1,1,1,0,0,1,4,4,3,5,5,1,1,3,1,3,5,5,4,5,5,5,1,1,1,4,1,5,1,1,1,1,5,4,5,4,3,2,2,1,22
"9176",9176,1,1,1,0,1,1,0,1,1,1,1,1,1,1,0,1,1,0,1,1,1,1,1,1,1,1,0,1,1,1,1,1,1,1,1,1,1,0,1,1,0,1,0,1,1,5,5,5,5,1,5,5,5,1,1,5,2,5,5,1,5,1,3,1,3,3,3,3,4,5,3,1,1,2,5,3,2,2,1,60
"11809",11809,1,1,1,1,1,1,1,1,1,1,1,1,1,1,1,1,1,1,1,1,1,1,1,1,1,1,1,1,1,1,1,1,1,1,1,1,1,0,1,1,1,1,0,1,0,3,2,2,2,4,3,4,3,1,1,5,3,4,4,4,4,1,4,3,3,5,4,1,3,3,1,4,3,3,5,3,2,2,1,23
"2769",2769,1,1,1,0,1,0,0,1,1,1,1,1,1,1,1,1,1,1,1,1,0,1,1,1,1,1,0,0,1,1,1,1,1,0,1,1,1,1,1,1,1,1,1,0,0,3,1,1,1,3,3,1,3,1,1,3,5,5,5,5,5,5,5,3,5,3,5,5,5,3,1,3,1,5,1,4,2,2,1,26
"11979",11979,1,1,1,0,1,1,1,1,1,1,1,1,0,1,1,1,1,1,1,1,1,1,1,1,1,1,0,1,1,1,1,1,1,1,1,1,1,1,0,1,1,1,1,1,1,1,3,1,5,1,4,3,3,3,4,1,5,4,2,1,1,2,2,2,3,3,4,1,4,1,3,5,4,2,3,3,3,1,1,42
"2903",2903,1,1,1,1,1,1,1,1,1,1,1,1,1,1,1,1,1,1,1,1,0,1,1,1,1,0,0,1,1,1,1,1,1,1,1,0,1,0,1,0,1,1,0,0,1,5,1,4,2,3,5,2,4,3,1,4,5,3,5,4,4,1,3,1,4,4,3,1,3,5,1,4,2,5,5,4,3,2,1,54
"392",392,1,1,1,1,1,1,1,1,1,1,1,1,1,1,1,1,1,0,0,1,1,1,1,0,1,1,0,0,1,1,1,1,0,1,1,0,1,0,0,0,1,0,0,0,0,3,4,1,3,4,2,4,4,2,4,2,2,4,2,4,4,1,3,4,4,2,3,2,2,1,1,2,1,3,5,1,2,2,1,16
"10407",10407,1,0,1,1,1,1,0,0,0,1,1,0,0,1,1,1,1,0,0,0,0,1,1,0,0,1,0,1,1,1,1,1,1,0,1,0,1,0,0,0,0,0,0,0,0,1,1,2,3,4,3,5,4,1,3,1,3,5,4,1,2,2,4,1,4,1,5,4,1,4,4,1,3,3,5,2,3,1,2,24
"283",283,1,1,1,0,1,1,1,1,1,1,1,1,1,1,1,1,1,0,1,1,0,1,1,1,0,1,1,1,1,1,1,1,1,1,1,1,1,1,0,1,1,1,1,1,1,3,3,1,3,1,3,3,3,3,1,1,3,3,3,1,1,1,1,3,3,3,1,3,1,3,3,3,3,3,3,3,3,1,1,28
"3833",3833,1,1,1,0,1,0,0,0,0,1,1,0,0,1,0,1,1,0,0,0,0,1,0,0,0,1,0,0,0,0,1,1,0,0,0,0,0,0,0,0,0,0,0,0,0,2,4,1,5,3,4,2,4,3,4,5,3,5,3,3,4,2,2,3,3,2,1,1,1,3,4,3,2,2,5,2,3,1,1,16
"4381",4381,1,1,1,0,1,0,0,0,0,1,1,0,0,1,1,1,1,1,0,0,0,1,0,0,0,1,0,0,0,0,1,1,1,1,1,0,0,0,0,0,0,0,0,1,1,3,1,4,1,1,2,1,5,5,4,1,3,1,3,1,3,2,5,2,5,1,3,1,5,3,1,5,1,3,1,2,1,2,1,42
"10789",10789,1,1,1,0,1,0,0,0,0,1,1,0,1,1,0,1,0,0,0,1,0,1,1,0,0,0,0,0,0,1,1,1,1,0,1,0,0,0,0,0,1,0,0,0,0,3,2,1,2,4,3,3,4,2,3,2,3,5,4,1,3,2,4,2,3,2,4,4,3,3,2,2,3,1,1,2,1,1,2,18
"3619",3619,1,1,1,1,1,1,0,1,1,1,1,1,1,1,1,1,1,1,0,1,1,1,1,1,1,1,0,1,1,1,1,1,1,1,1,1,1,1,1,1,1,1,0,1,1,3,3,5,3,2,5,4,2,4,1,2,5,5,5,5,5,3,3,3,3,3,3,3,4,5,2,3,2,3,1,3,3,2,1,50
"7505",7505,1,1,1,0,1,0,1,0,0,1,1,1,0,1,1,1,1,0,0,0,1,1,1,0,1,1,0,1,1,1,1,1,1,0,0,0,1,0,0,1,0,0,0,0,1,2,3,2,2,4,3,5,3,5,4,5,5,4,4,1,4,2,2,4,2,1,1,2,4,1,5,4,3,2,4,3,3,1,2,24
"1219",1219,1,1,1,0,1,1,1,1,1,1,1,1,1,1,1,1,1,1,1,1,1,1,1,1,0,1,1,1,0,1,1,1,1,1,1,1,1,1,1,1,1,1,1,0,1,1,1,1,3,1,2,5,4,5,3,1,4,4,5,1,4,3,1,3,5,1,4,1,1,1,1,3,3,1,5,0,0,0,1,65
"5807",5807,1,1,1,1,1,1,0,1,1,1,1,1,1,1,1,0,1,1,1,1,1,1,1,1,1,1,0,1,1,0,1,1,1,1,1,1,1,1,1,1,1,1,1,1,1,4,4,4,4,4,4,1,4,1,1,5,5,4,4,4,5,1,5,1,4,1,4,4,4,4,2,3,4,4,5,3,3,2,1,42
"5142",5142,1,1,1,1,1,1,1,1,1,1,1,1,1,1,0,1,1,0,0,1,1,0,1,1,1,1,0,1,1,1,1,1,1,1,1,1,1,1,0,0,1,1,0,0,1,2,1,3,1,3,2,3,2,4,3,2,4,3,4,4,5,1,2,3,2,3,1,4,5,3,5,5,5,2,4,2,3,1,1,19
"10798",10798,1,1,1,0,1,1,1,0,1,1,1,1,1,1,1,1,1,1,1,1,1,1,1,1,0,1,1,1,1,1,1,1,1,1,1,1,1,0,1,1,1,1,1,1,1,3,3,4,4,2,3,4,4,4,2,2,3,4,4,1,4,1,2,3,4,2,3,1,2,2,2,4,4,5,5,4,3,1,1,46
"2825",2825,1,1,1,0,1,1,0,1,1,1,1,1,1,1,1,1,1,1,1,1,1,1,1,1,1,1,1,1,1,1,1,1,1,1,1,1,1,1,1,1,1,1,0,0,1,1,5,5,1,1,5,5,1,2,1,1,4,3,5,1,5,1,3,3,5,1,5,5,5,5,1,4,2,1,1,4,2,1,1,40
"8004",8004,1,1,1,0,1,0,0,1,0,1,1,0,0,1,1,0,0,0,0,0,0,1,1,0,0,0,0,0,0,1,1,1,0,0,0,0,0,0,1,0,0,0,0,0,1,1,3,1,3,1,3,1,5,0,3,4,3,1,4,2,4,2,4,1,4,2,4,1,1,4,3,2,1,4,3,2,3,2,2,46
"8200",8200,1,1,1,1,1,1,0,1,1,1,1,1,1,1,1,1,1,1,1,1,1,1,1,1,1,1,0,1,1,1,1,1,1,1,1,0,1,1,1,1,1,1,0,1,1,1,3,2,2,4,3,4,4,3,2,4,3,1,2,1,1,1,3,1,2,1,2,1,2,2,3,1,4,3,5,3,2,1,1,20
"11677",11677,1,1,1,0,1,1,1,1,1,1,1,1,1,1,0,1,1,1,1,1,1,1,1,1,1,1,0,1,1,1,1,1,1,1,1,0,1,0,1,1,0,1,0,0,0,1,4,4,4,3,1,2,5,1,3,2,4,2,4,5,5,1,4,2,4,1,3,3,3,4,1,3,2,3,1,4,2,2,1,45
"11589",11589,1,1,1,0,1,0,0,0,0,1,1,0,0,1,1,1,1,0,0,1,0,1,1,0,1,1,0,0,0,1,1,1,1,0,1,0,0,1,0,0,0,0,0,0,0,1,3,1,3,5,3,3,5,1,2,3,1,5,5,3,3,1,4,4,3,1,1,1,4,5,4,1,3,3,3,2,1,2,2,17
"5690",5690,1,1,0,0,1,0,0,0,1,1,0,0,0,1,1,1,0,0,0,0,0,1,1,0,0,0,0,1,0,0,1,1,0,0,1,0,0,0,0,0,0,0,0,1,1,2,2,2,3,4,4,4,4,2,2,5,5,1,5,2,5,3,3,3,3,1,2,1,2,2,2,2,4,4,5,3,3,2,2,20
"3132",3132,1,1,1,0,1,1,0,1,1,1,1,1,1,1,1,1,1,1,1,1,1,1,1,1,1,1,1,1,1,1,1,1,1,1,1,1,1,1,1,1,1,1,1,1,1,4,4,1,3,1,3,2,4,1,3,5,3,4,4,4,2,1,2,3,3,4,4,1,2,1,2,4,5,3,3,4,3,2,1,46
"3222",3222,1,1,0,1,1,1,0,1,1,1,1,1,1,0,1,1,1,1,1,1,1,1,1,1,1,1,0,1,1,1,1,1,1,1,1,1,1,0,1,0,1,1,1,0,1,1,1,5,2,2,2,2,3,2,1,3,2,1,4,4,3,1,1,1,3,1,1,1,3,1,1,3,2,5,0,2,3,2,1,69
"4612",4612,1,1,1,0,1,1,0,0,0,1,1,1,0,1,0,1,0,0,0,0,0,1,1,0,0,1,1,1,1,1,1,1,1,0,1,1,0,0,0,0,0,0,0,0,1,5,4,2,4,5,1,4,2,5,2,5,5,1,5,1,5,1,4,5,4,4,4,1,5,1,2,5,1,1,2,2,3,1,2,17
"6421",6421,1,1,1,0,1,0,0,0,0,1,1,0,0,1,0,1,1,0,0,0,0,1,1,0,0,1,0,0,0,1,1,1,1,0,0,0,0,0,0,0,0,0,0,0,1,2,3,1,3,1,4,4,2,5,4,4,4,4,4,1,3,1,4,2,4,4,4,2,3,3,5,2,2,5,3,2,2,1,2,24
"4330",4330,1,1,1,1,1,1,0,1,1,0,1,1,1,1,1,0,1,1,1,1,1,1,1,1,1,1,1,1,1,1,1,0,1,1,1,1,1,1,1,1,1,1,0,0,1,1,1,1,1,4,1,2,5,4,4,1,1,3,4,1,3,1,1,1,3,1,1,1,4,3,1,1,2,3,1,3,2,2,1,50
"2911",2911,1,1,1,1,1,1,0,1,1,1,1,1,1,1,1,1,1,1,1,1,1,1,1,1,1,1,1,1,1,1,1,1,1,1,1,1,1,1,1,1,1,1,1,1,1,5,3,5,3,5,4,4,4,1,1,4,5,2,5,5,5,1,3,2,3,1,3,1,2,3,3,5,2,2,4,4,2,2,1,47
"490",490,1,1,1,0,1,1,0,1,1,1,1,1,1,1,0,1,1,1,1,1,1,1,1,1,1,1,1,1,1,1,1,1,1,1,1,1,1,1,1,1,1,1,0,0,1,1,4,1,3,2,5,3,4,4,2,2,5,4,5,1,2,1,2,5,3,1,4,1,4,1,1,2,1,2,4,2,1,1,1,19
"11691",11691,1,1,1,1,1,1,0,1,1,1,1,1,1,1,1,1,1,1,1,1,1,1,1,1,1,1,0,1,1,1,1,1,1,0,1,1,1,1,1,1,1,1,1,0,0,4,1,1,2,3,3,2,2,1,2,2,4,5,4,2,4,2,2,2,3,2,4,2,4,3,2,5,4,4,4,3,2,1,1,61
"9094",9094,1,1,1,1,1,1,1,1,1,1,1,1,1,1,1,1,1,0,1,1,1,1,1,1,1,1,1,1,1,1,1,1,1,1,1,1,1,1,1,1,1,1,0,1,1,1,4,1,4,1,3,2,4,2,1,1,5,2,5,5,5,5,4,4,4,2,5,4,4,2,2,4,4,3,1,4,2,1,1,32
"1005",1005,1,1,1,1,1,1,1,1,0,1,1,1,1,1,1,1,1,0,0,1,0,1,1,1,1,1,0,1,1,1,1,1,1,1,0,1,1,0,1,0,1,0,0,0,0,5,4,5,5,1,3,4,4,1,1,1,5,4,4,2,4,1,2,4,4,5,5,5,3,2,1,1,1,1,4,2,1,1,1,15
"9451",9451,1,1,1,1,1,0,0,0,0,1,1,1,1,1,1,1,1,0,1,0,0,1,1,1,0,1,1,1,1,0,1,0,1,0,1,0,1,0,0,1,1,0,0,0,1,2,2,4,2,5,3,3,3,4,4,2,2,3,2,5,4,2,4,3,3,2,1,1,4,5,2,4,2,5,3,3,0,1,2,73
"8934",8934,1,1,1,0,1,1,1,1,1,1,1,1,1,1,1,1,1,0,1,1,0,1,0,1,1,1,0,1,1,1,1,1,0,1,1,1,0,0,0,0,1,0,0,0,1,1,3,1,5,5,5,5,5,1,1,5,5,5,5,5,5,5,5,5,5,1,5,1,5,5,1,5,5,1,5,2,1,2,1,71
"534",534,1,1,1,0,1,1,0,1,1,1,1,1,1,1,1,1,1,1,1,1,1,1,1,1,0,1,0,1,1,1,1,1,1,1,0,0,1,0,0,1,1,1,0,0,1,3,3,1,2,4,3,1,3,4,2,5,3,4,3,4,4,1,2,2,4,4,1,1,2,3,1,5,4,2,5,3,2,2,1,23
"2208",2208,1,1,1,0,1,0,1,0,0,1,1,1,1,1,1,1,1,0,0,1,1,1,1,1,0,1,0,0,1,1,1,1,1,1,0,0,1,0,0,1,1,0,0,0,1,3,2,2,2,3,4,2,3,2,4,2,3,5,5,4,3,1,2,4,3,2,3,3,2,3,4,4,4,3,3,2,3,2,2,18
"1157",1157,1,1,1,1,1,1,0,1,0,1,1,1,1,1,1,1,1,0,1,1,0,1,1,1,1,1,0,1,1,1,1,1,1,1,0,0,1,0,1,1,1,0,0,0,1,4,1,1,2,4,2,2,4,3,4,5,3,5,3,2,4,1,2,2,4,5,4,4,4,2,4,3,3,2,2,1,3,2,1,15
"3366",3366,1,1,1,1,1,1,1,1,1,1,1,1,1,1,1,1,1,0,0,1,0,1,1,1,1,1,0,1,0,1,1,1,1,1,1,1,1,0,1,0,1,1,0,1,1,5,1,5,1,5,1,4,4,1,5,5,4,2,5,5,4,2,3,1,5,5,5,1,5,5,1,2,1,4,1,4,3,2,1,56
"11370",11370,1,0,1,0,1,0,0,0,0,1,1,0,0,1,1,1,0,0,0,0,0,1,0,0,0,1,0,0,1,1,0,0,0,0,1,0,0,0,0,0,0,0,0,1,1,2,2,1,3,3,2,1,5,2,1,5,2,1,1,2,1,1,4,3,4,2,4,1,4,5,2,1,3,4,2,3,3,2,2,25
"6456",6456,1,1,1,1,1,1,1,1,1,1,1,1,0,1,1,1,1,0,0,0,0,1,1,1,1,1,0,1,1,1,1,1,1,1,1,0,1,0,1,1,1,0,0,1,0,1,1,1,3,1,4,5,3,3,1,1,3,4,5,1,5,1,3,3,3,1,2,4,4,3,2,5,5,5,5,3,2,1,1,25
